"MonitoringLocationIdentifier","State","MonitoringLocationName","MonitoringLocationTypeName","AU_ID","AU_NAME","DrinkingWater_Use","Ecological_Use","FishConsumption_Use","Recreational_Use","Other_Use","Dist_to_AU_m","LongitudeMeasure","LatitudeMeasure"
"USGS-06088500","Montana",NA,"Stream","MT41K002_010","Muddy Creek","Not Supporting","Not Supporting",NA,"Not Supporting","Not Supporting",11.7125927621722,-111.541769400002,47.5612666700012
"USGS-06075900","Montana",NA,"Stream","MT41J001_010","Smith River","Fully Supporting","Not Supporting",NA,"Not Supporting","Fully Supporting",201.316878415205,-111.054665000002,46.5868872000013
"USGS-06075785","Montana",NA,"Stream","MT41J002_011","North Fork Smith River","Fully Supporting","Fully Supporting",NA,"Not Supporting","Not Assessed",690.587108516265,-110.956324900002,46.5232742600013
"USGS-464506111095801","Montana",NA,"Stream","MT41J001_010","Smith River","Fully Supporting","Not Supporting",NA,"Not Supporting","Fully Supporting",128.877001930651,-111.166027800002,46.7516388900013
"USGS-463504111154601","Montana",NA,"Stream","MT41J002_060","Elk Creek","Fully Supporting","Not Supporting",NA,"Fully Supporting","Fully Supporting",3603.59852209783,-111.262680600002,46.5843416700013
"USGS-06088300","Montana",NA,"Stream","MT41K002_010","Muddy Creek","Not Supporting","Not Supporting",NA,"Not Supporting","Not Supporting",1.01443033113065,-111.635405600002,47.6250222000012
"USGS-06089000","Montana",NA,"Stream","MT41K001_020","Sun River","Fully Supporting","Not Supporting",NA,"Not Supporting","Not Supporting",45.4318524269535,-111.511036000002,47.5257777800013
"USGS-06102500","Montana",NA,"Stream","MT41O001_030","Teton River","Fully Supporting","Not Supporting",NA,"Not Assessed","Fully Supporting",0.0302055404487373,-112.611983300002,47.8830833000012
"USGS-06108000","Montana",NA,"Stream","MT41O001_010","Teton River","Fully Supporting","Not Supporting",NA,"Fully Supporting","Fully Supporting",6.45857555827872,-111.552941700002,47.9303250000012
"USGS-06108800","Montana",NA,"Stream","MT41O001_010","Teton River","Fully Supporting","Not Supporting",NA,"Fully Supporting","Fully Supporting",31.0436309943965,-110.514433300002,47.9327194000013
"USGS-06073500","Montana",NA,"Stream","MT41Q003_010","Dearborn River","Fully Supporting","Not Supporting",NA,"Not Assessed","Fully Supporting",16.7596372328128,-112.095905600002,47.1990250000012
"USGS-06090300","Montana",NA,"Stream","MT41Q001_014","Missouri River","Not Supporting","Not Supporting",NA,"Not Supporting","Fully Supporting",97.8630315583649,-111.060580600002,47.5844444000013
"USGS-06090800","Montana",NA,"Stream","MT41Q001_014","Missouri River","Not Supporting","Not Supporting",NA,"Not Supporting","Fully Supporting",17.3100798561009,-110.666141700002,47.8169111000013
"USGS-06078200","Montana",NA,"Stream","MT41Q001_022","Missouri River","Fully Supporting","Not Supporting",NA,"Fully Supporting","Fully Supporting",25.5422464947311,-111.388444400002,47.4349666700012
"USGS-06077200","Montana",NA,"Stream","MT41J001_010","Smith River","Fully Supporting","Not Supporting",NA,"Not Supporting","Fully Supporting",8.71836992294423,-111.192238900002,46.8279805600013
"USGS-06090650","Montana",NA,"Stream","MT41Q002_010","Lake Creek","Not Supporting","Not Supporting",NA,"Not Assessed","Not Supporting",9.78658876588098,-111.409150000002,47.7079055600013
"USGS-06085800","Montana",NA,"Stream","MT41K001_010","Sun River","Fully Supporting","Not Supporting",NA,"Fully Supporting","Fully Supporting",19.122378446228,-111.931913900002,47.5016277800012
"USGS-473753112012201","Montana",NA,"Stream","MT41K001_010","Sun River","Fully Supporting","Not Supporting",NA,"Fully Supporting","Fully Supporting",12590.2605293287,-112.023615300002,47.6313398000012
"USGS-473734112020301","Montana",NA,"Stream","MT41K001_010","Sun River","Fully Supporting","Not Supporting",NA,"Fully Supporting","Fully Supporting",12010.5769739875,-112.035004800002,47.6260619000012
"USGS-473747112002701","Montana",NA,"Stream","MT41K001_010","Sun River","Fully Supporting","Not Supporting",NA,"Fully Supporting","Fully Supporting",12483.5832562146,-112.008336500002,47.6296732000012
"USGS-473833112002701","Montana",NA,"Stream","MT41K001_010","Sun River","Fully Supporting","Not Supporting",NA,"Fully Supporting","Fully Supporting",13895.1515700389,-112.008336900002,47.6424511800012
"USGS-473918112002801","Montana",NA,"Stream","MT41K001_010","Sun River","Fully Supporting","Not Supporting",NA,"Fully Supporting","Fully Supporting",15275.6045607982,-112.008615200002,47.6549513800012
"USGS-474045112012101","Montana",NA,"Stream","MT41O001_020","Teton River","Fully Supporting","Not Supporting",NA,"Fully Supporting","Not Supporting",13741.3441068059,-112.023339100002,47.6791183600012
"USGS-06077500","Montana",NA,"Stream","MT41J001_010","Smith River","Fully Supporting","Not Supporting",NA,"Not Supporting","Fully Supporting",32.7947087318832,-111.386238900002,47.1892916700013
"USGS-06075700","Montana",NA,"Stream","MT41J002_011","North Fork Smith River","Fully Supporting","Fully Supporting",NA,"Not Supporting","Not Assessed",2.8469532044816,-110.947713700002,46.5357752000013
"USGS-06075810","Montana",NA,"Stream","MT41J001_010","Smith River","Fully Supporting","Not Supporting",NA,"Not Supporting","Fully Supporting",15.5917546744889,-110.996605000002,46.5352184800013
"USGS-06075850","Montana",NA,"Stream","MT41J001_010","Smith River","Fully Supporting","Not Supporting",NA,"Not Supporting","Fully Supporting",1.35980029888564,-111.033830200002,46.5704977000013
"USGS-06075775","Montana",NA,"Stream","MT41J002_011","North Fork Smith River","Fully Supporting","Fully Supporting",NA,"Not Supporting","Not Assessed",9302.49907920231,-110.930212700002,46.4466052800013
"USGS-06079000","Montana",NA,"Stream","MT41K001_010","Sun River","Fully Supporting","Not Supporting",NA,"Fully Supporting","Fully Supporting",8358.92501517785,-112.865761000002,47.6286083000012
"USGS-06078500","Montana",NA,"Stream","MT41K001_010","Sun River","Fully Supporting","Not Supporting",NA,"Fully Supporting","Fully Supporting",8452.28709213003,-112.859333300002,47.6398611000012
"USGS-06082200","Montana",NA,"Stream","MT41K001_010","Sun River","Fully Supporting","Not Supporting",NA,"Fully Supporting","Fully Supporting",29.6316001807383,-112.367430600002,47.5471361000012
"USGS-06090500","Montana",NA,"Stream","MT41U001_011","Belt Creek","Not Supporting","Not Supporting",NA,"Not Assessed","Not Supporting",17.0267239285244,-110.931747200002,47.2085944000013
"NARS-WMTP99-0838","Montana",NA,"River/Stream","MT41Q002_070","South Fork Stickney Creek","Fully Supporting","Fully Supporting",NA,"Fully Supporting","Fully Supporting",9075.47306352011,-111.590000000002,47.0800000000012
"NARS-MT222052","Montana",NA,"River/Stream","MT41J001_010","Smith River","Fully Supporting","Not Supporting",NA,"Not Supporting","Fully Supporting",13836.4305685418,-111.480000000002,46.9900000000013
"NARS-MT224909","Montana",NA,"River/Stream","MT41J001_010","Smith River","Fully Supporting","Not Supporting",NA,"Not Supporting","Fully Supporting",8399.95292824545,-111.410000000002,46.9800000000013
"NARS-WMTP99-R002","Montana",NA,"River/Stream","MT41O002_050","North Fork Teton River","Fully Supporting","Fully Supporting",NA,"Fully Supporting","Fully Supporting",128.543258673197,-112.810000000002,47.9600000000012
"NARS-WMTP99-R003","Montana",NA,"River/Stream","MT41J002_120","Moose Creek","Fully Supporting","Not Supporting",NA,"Insufficient Information","Fully Supporting",7321.11796849944,-110.890000000002,46.9200000000013
"NARS-WMTP99-R020","Montana",NA,"River/Stream","MT41O002_050","North Fork Teton River","Fully Supporting","Fully Supporting",NA,"Fully Supporting","Fully Supporting",3664.20125820905,-112.830000000002,47.9200000000012
"NARS-WMTP99-R027","Montana",NA,"River/Stream","MT41J002_030","Sheep Creek","Fully Supporting","Not Supporting",NA,"Not Supporting","Fully Supporting",1636.76576237336,-110.960000000002,46.8400000000013
"NARS-WMTP99-R031","Montana",NA,"River/Stream","MT41O002_041","Blackleaf Creek","Fully Supporting","Fully Supporting",NA,"Fully Supporting","Fully Supporting",386.207630961742,-112.690000000002,48.0100000000012
"NARS-EPA01-0421","Montana",NA,"River/Stream","MT41O002_050","North Fork Teton River","Fully Supporting","Fully Supporting",NA,"Fully Supporting","Fully Supporting",3578.4273527832,-112.820000000002,47.9100000000012
"NARS-EPA01-0424","Montana",NA,"River/Stream","MT41K002_030","Ford Creek","Fully Supporting","Fully Supporting",NA,"Fully Supporting","Fully Supporting",11534.8487541304,-112.900000000002,47.4900000000012
"NARS-WMTP99-0722","Montana",NA,"River/Stream","MT41Q003_010","Dearborn River","Fully Supporting","Not Supporting",NA,"Not Assessed","Fully Supporting",7709.70833121424,-112.490000000002,47.2100000000012
"NARS-WMTP99-0729","Montana",NA,"River/Stream","MT41U001_012","Belt Creek","Not Supporting","Not Supporting",NA,"Insufficient Information","Not Supporting",11542.9190101378,-110.710000000002,47.4900000000013
"NARS-WMTP99-0707","Montana",NA,"River/Stream","MT41I005_011","Beaver Creek","Fully Supporting","Not Supporting",NA,"Fully Supporting","Fully Supporting",9033.82756321051,-111.540000000002,46.9500000000013
"NARS-WMTP99-0712","Montana",NA,"River/Stream","MT41K001_010","Sun River","Fully Supporting","Not Supporting",NA,"Fully Supporting","Fully Supporting",887.295953986245,-112.170000000002,47.5200000000012
"NARS-WMTP99-0621","Montana",NA,"River/Stream","MT41J002_070","Thompson Gulch","Fully Supporting","Not Supporting",NA,"Fully Supporting","Fully Supporting",3208.81038351557,-111.130000000002,46.5500000000013
"NARS-WMTP99-0521","Montana",NA,"River/Stream","MT41J002_120","Moose Creek","Fully Supporting","Not Supporting",NA,"Insufficient Information","Fully Supporting",7306.77577306648,-110.860000000002,46.9300000000013
"NARS-WMTP99-0503","Montana",NA,"River/Stream","MT41U001_011","Belt Creek","Not Supporting","Not Supporting",NA,"Not Assessed","Not Supporting",221.589137780284,-110.740000000002,46.9400000000013
"MTVOLWQM_WQX-MO_DEAR_DS","Montana","Missouri River downstream confluence with Dearborn River","River/Stream","MT41Q003_010","Dearborn River","Fully Supporting","Not Supporting",NA,"Not Assessed","Fully Supporting",28.9026455337673,-111.910900000002,47.1279100000013
"MTWTRSHD_WQX-SUN-ADBEC01","Montana","Adobe Creek at Fort Shaw","River/Stream","MT41K001_010","Sun River","Fully Supporting","Not Supporting",NA,"Fully Supporting","Fully Supporting",789.429912920698,-111.799167000002,47.5097220000012
"MTWTRSHD_WQX-SUN-DUCKC01","Montana","Duck Creek at county road","River/Stream","MT41K001_010","Sun River","Fully Supporting","Not Supporting",NA,"Fully Supporting","Fully Supporting",398.733898192795,-111.886111000002,47.5161110000012
"MTWTRSHD_WQX-SUN-MILCU01","Montana","Mill Coulee at highway","River/Stream","MT41K002_040","Huber Coulee","Not Assessed","Not Assessed",NA,"Not Supporting","Not Assessed",957.751697816886,-111.709167000002,47.5450000000012
"MTVOLWQM_WQX-HAB-MISSRBWB","Montana","Missouri River near Broadwater Bay","River/Stream","MT41Q001_011","Missouri River","Not Supporting","Not Supporting",NA,"Fully Supporting","Fully Supporting",165.84460766063,-111.307761000002,47.4999640000012
"MDEQ_WQ_WQX-M14GRENG03","Montana","Green Gulch near mouth","River/Stream","MT41O002_050","North Fork Teton River","Fully Supporting","Fully Supporting",NA,"Fully Supporting","Fully Supporting",4239.0372850057,-112.757410000002,47.8568200000012
"MDEQ_WQ_WQX-M13FORNF04","Montana","Ford Creek North Fork below waterfall","River/Stream","MT41K002_030","Ford Creek","Fully Supporting","Fully Supporting",NA,"Fully Supporting","Fully Supporting",832.002623552002,-112.711140000002,47.4178400000012
"MDEQ_WQ_WQX-M12MISSR22","Montana","Missouri River just u/s of Sacajawea Island","River/Stream","MT41Q001_011","Missouri River","Not Supporting","Not Supporting",NA,"Fully Supporting","Fully Supporting",9.51760544904237,-111.308400000002,47.5136490000012
"PIBO_MP-1952","Montana","241-01-I|Headquarters|R1|Lewis & Clark|Rocky Mountain","River/Stream","MT41O002_050","North Fork Teton River","Fully Supporting","Fully Supporting",NA,"Fully Supporting","Fully Supporting",18294.431461994,-112.911811000002,47.7837300000012
"PIBO_MP-1953","Montana","241-02-I|M.F. Teton|R1|Lewis & Clark|Rocky Mountain","River/Stream","MT41O002_050","North Fork Teton River","Fully Supporting","Fully Supporting",NA,"Fully Supporting","Fully Supporting",858.626727937624,-112.737343000002,47.8887230000012
"PIBO_MP-1954","Montana","241-03-I|Cabin|R1|Lewis & Clark|Rocky Mountain","River/Stream","MT41K001_010","Sun River","Fully Supporting","Not Supporting",NA,"Fully Supporting","Fully Supporting",14894.8365160503,-112.886921000002,47.7090720000011
"PIBO_MP-1955","Montana","241-04-I|Route|R1|Lewis & Clark|Rocky Mountain","River/Stream","MT41O002_050","North Fork Teton River","Fully Supporting","Fully Supporting",NA,"Fully Supporting","Fully Supporting",13818.7473901309,-112.918123000002,47.8456480000011
"PIBO_MP-1956","Montana","241-05-I|W.F. of S.F. Sun|R1|Lewis & Clark|Rocky Mountain","River/Stream","MT41K001_010","Sun River","Fully Supporting","Not Supporting",NA,"Fully Supporting","Fully Supporting",22287.0371866786,-113.054672000002,47.5719350000012
"PIBO_MP-1957","Montana","241-06-I|Lick|R1|Lewis & Clark|Rocky Mountain","River/Stream","MT41O002_050","North Fork Teton River","Fully Supporting","Fully Supporting",NA,"Fully Supporting","Fully Supporting",13938.083234426,-112.943337000002,47.8661620000012
"PIBO_MP-1958","Montana","241-07-I|W.F. Teton|R1|Lewis & Clark|Rocky Mountain","River/Stream","MT41O002_050","North Fork Teton River","Fully Supporting","Fully Supporting",NA,"Fully Supporting","Fully Supporting",645.735757115576,-112.816637000002,47.9581500000012
"PIBO_MP-2097","Montana","232-11-I|Moose|R1|Lewis & Clark|White Sulphur Springs","River/Stream","MT41J002_120","Moose Creek","Fully Supporting","Not Supporting",NA,"Insufficient Information","Fully Supporting",0.234301596742811,-110.893031000002,46.8177480000013
"PIBO_MP-2103","Montana","232-03-I|Logging|R1|Lewis & Clark|Belt Creek","River/Stream","MT41U001_011","Belt Creek","Not Supporting","Not Supporting",NA,"Not Assessed","Not Supporting",5797.76123702194,-111.011465000002,47.1002440000013
"PIBO_MP-2127","Montana","238-02-I|S.F. Dearborn|R1|Helena|Lincoln","River/Stream","MT41Q003_030","South Fork Dearborn River","Not Assessed","Not Supporting",NA,"Fully Supporting","Fully Supporting",0.326646358807261,-112.295031000002,47.0603470000012
"PIBO_MP-2143","Montana","232-12-I|Hoover|R1|Lewis & Clark|Belt Creek","River/Stream","MT41U001_011","Belt Creek","Not Supporting","Not Supporting",NA,"Not Assessed","Not Supporting",160.63701685729,-110.769628000002,47.0188720000013
"PIBO_MP-2206","Montana","236-17-I|Big Camas|R1|Helena|Townsend","River/Stream","MT41J002_100","Little Camas Creek","Fully Supporting","Not Supporting",NA,"Not Supporting","Fully Supporting",1836.32210129985,-111.252578000002,46.5443740000013
"PIBO_MP-2246","Montana","236-15-I|No Name|R1|Helena|Townsend","River/Stream","MT41J002_070","Thompson Gulch","Fully Supporting","Not Supporting",NA,"Fully Supporting","Fully Supporting",3557.35287254391,-111.219760000002,46.4826050000013
"PIBO_MP-2299","Montana","238-01-I|Milky|R1|Lewis & Clark|Rocky Mountain","River/Stream","MT41Q003_010","Dearborn River","Fully Supporting","Not Supporting",NA,"Not Assessed","Fully Supporting",8259.06258253969,-112.587130000002,47.2558770000012
"PIBO_MP-2318","Montana","232-01-I|Pilgrim|R1|Lewis & Clark|Belt Creek","River/Stream","MT41U001_011","Belt Creek","Not Supporting","Not Supporting",NA,"Not Assessed","Not Supporting",65.1049743879869,-110.926112000002,47.1180740000013
"PIBO_MP-2321","Montana","232-06-I|N.F. Deep|R1|Lewis & Clark|White Sulphur Springs","River/Stream","MT41J001_010","Smith River","Fully Supporting","Not Supporting",NA,"Not Supporting","Fully Supporting",8219.67687684343,-111.159144000002,47.0531430000013
"PIBO_MP-2527","Montana","232-02-I|Tenderfoot|R1|Lewis & Clark|White Sulphur Springs","River/Stream","MT41J002_030","Sheep Creek","Fully Supporting","Not Supporting",NA,"Not Supporting","Fully Supporting",12806.0261217236,-111.013719000002,46.9487320000013
"MDEQ_WQ_WQX-M13HUBRC01","Montana","Huber Coulee above mouth and above lowermost pond","River/Stream","MT41K002_040","Huber Coulee","Not Assessed","Not Assessed",NA,"Not Supporting","Not Assessed",0.340936068360769,-111.700000000002,47.5531000000012
"MDEQ_WQ_WQX-M13HUBRC02","Montana","Huber Coulee below confluence of major tributary","River/Stream","MT41K002_040","Huber Coulee","Not Assessed","Not Assessed",NA,"Not Supporting","Not Assessed",4.05223857518088,-111.701800000002,47.5579000000012
"MDEQ_WQ_WQX-M13HUBRC03","Montana","Huber Coulee below upper ponds","River/Stream","MT41K002_040","Huber Coulee","Not Assessed","Not Assessed",NA,"Not Supporting","Not Assessed",4.1829164856124,-111.700100000002,47.5674000000012
"MDEQ_WQ_WQX-M13HUBRC04","Montana","Huber Coulee above upper ponds","River/Stream","MT41K002_040","Huber Coulee","Not Assessed","Not Assessed",NA,"Not Supporting","Not Assessed",8.89481058611745,-111.703100000002,47.5779000000012
"MDEQ_WQ_WQX-M13HUBRC05","Montana","Huber Coulee at headwaters","River/Stream","MT41K002_040","Huber Coulee","Not Assessed","Not Assessed",NA,"Not Supporting","Not Assessed",81.8358625527725,-111.706700000002,47.5864000000012
"MDEQ_WQ_WQX-M13HUBRC06","Montana","Huber Coulee Unnamed Irrigation Ditch at headwaters of Huber Coulee","Canal Irrigation","MT41K002_040","Huber Coulee","Not Assessed","Not Assessed",NA,"Not Supporting","Not Assessed",185.016174596456,-111.705800000002,47.5874000000012
"MDEQ_WQ_WQX-REFNFTR","Montana","Teton River North Fork","River/Stream","MT41O002_050","North Fork Teton River","Fully Supporting","Fully Supporting",NA,"Fully Supporting","Fully Supporting",104.990780715753,-112.807500000002,47.9669440000011
"MDEQ_WQ_WQX-M14WALDC01","Montana","Waldron Creek next to old cabin and near end of FR 2005","River/Stream","MT41O002_050","North Fork Teton River","Fully Supporting","Fully Supporting",NA,"Fully Supporting","Fully Supporting",2724.51259447495,-112.816300000002,47.9200000000012
"NARS_WQX-WMTP99-0503","Montana","BELT CREEK","River/Stream","MT41U001_011","Belt Creek","Not Supporting","Not Supporting",NA,"Not Assessed","Not Supporting",49.6902579978165,-110.748770000002,46.9455200000013
"NARS_WQX-WMTP99-0521","Montana","SPRING PARK CREEK","River/Stream","MT41J002_120","Moose Creek","Fully Supporting","Not Supporting",NA,"Insufficient Information","Fully Supporting",7631.14921087139,-110.869070000002,46.9309300000013
"NARS_WQX-WMTP99-0707","Montana","CROOKED CREEK","River/Stream","MT41I005_011","Beaver Creek","Fully Supporting","Not Supporting",NA,"Fully Supporting","Fully Supporting",9193.50918475532,-111.541410000002,46.9529300000013
"NARS_WQX-WMTP99-0712","Montana","SCHOOL SECTION COULEE","River/Stream","MT41K001_010","Sun River","Fully Supporting","Not Supporting",NA,"Fully Supporting","Fully Supporting",1854.72212950805,-112.170470000002,47.5298000000012
"NARS_WQX-WMTP99-0722","Montana","LONE PINE CREEK","River/Stream","MT41Q003_010","Dearborn River","Fully Supporting","Not Supporting",NA,"Not Assessed","Fully Supporting",7532.70855030182,-112.495040000002,47.2119100000012
"NARS_WQX-WMTP99-0729","Montana","HIGHWOOD CREEK","River/Stream","MT41U001_012","Belt Creek","Not Supporting","Not Supporting",NA,"Insufficient Information","Not Supporting",10887.0791676946,-110.715650000002,47.4990400000013
"NARS_WQX-WMTP99-0838","Montana","SQUAW CREEK","River/Stream","MT41Q002_070","South Fork Stickney Creek","Fully Supporting","Fully Supporting",NA,"Fully Supporting","Fully Supporting",8834.54616659033,-111.593520000002,47.0818300000012
"MDEQ_WQ_WQX-M10FORMC01","Montana","Fourmile Creek just past USFS and private land boundary","River/Stream","MT41J002_011","North Fork Smith River","Fully Supporting","Fully Supporting",NA,"Not Supporting","Not Assessed",5297.53224172381,-110.748800000002,46.5620000000013
"MDEQ_WQ_WQX-M10ELKC03","Montana","Elk Creek down road past long barn; 100 yds beyond fence","River/Stream","MT41I005_011","Beaver Creek","Fully Supporting","Not Supporting",NA,"Fully Supporting","Fully Supporting",9915.36981241409,-111.602900000002,46.9814000000013
"MDEQ_WQ_WQX-M10EAGLC01","Montana","Eagle Creek 500 yds upstream from elk fence","River/Stream","MT41J002_030","Sheep Creek","Fully Supporting","Not Supporting",NA,"Not Supporting","Fully Supporting",2846.77551492765,-111.150900000002,46.8327000000013
"MDEQ_WQ_WQX-M13BARRC01","Montana","Barr Creek lower site at Sun River WMA","River/Stream","MT41K002_030","Ford Creek","Fully Supporting","Fully Supporting",NA,"Fully Supporting","Fully Supporting",8027.58046795646,-112.571100000002,47.5300000000012
"MDEQ_WQ_WQX-M13BARRC02","Montana","Barr Creek upper site","River/Stream","MT41K001_010","Sun River","Fully Supporting","Not Supporting",NA,"Fully Supporting","Fully Supporting",8292.28051474071,-112.606500000002,47.5512000000012
"MDEQ_WQ_WQX-M13ROSEC01","Montana","Rose Creek upstream from confluence with Barr Creek","River/Stream","MT41K001_010","Sun River","Fully Supporting","Not Supporting",NA,"Fully Supporting","Fully Supporting",8716.97030150081,-112.603100000002,47.5480000000012
"MDEQ_WQ_WQX-M13BUTTC01","Montana","Buttolph Creek upstream from Willow Creek feeder","River/Stream","MT41K001_010","Sun River","Fully Supporting","Not Supporting",NA,"Fully Supporting","Fully Supporting",910.265806006134,-112.672400000002,47.6090000000012
"MDEQ_WQ_WQX-M10BENTG02","Montana","Benton Gulch near headwaters","River/Stream","MT41J002_050","Benton Gulch","Not Assessed","Not Assessed",NA,"Not Supporting","Not Assessed",4.84264205560237,-111.351910000002,46.6836100000013
"MDEQ_WQ_WQX-M14TETNR16","Montana","Teton River near Dutton at USGS gage","River/Stream","MT41O001_010","Teton River","Fully Supporting","Not Supporting",NA,"Fully Supporting","Fully Supporting",20.3884088542293,-111.552800000002,47.9302400000012
"MDEQ_WQ_WQX-M13SUNR06","Montana","Sun River near Vaughn at USGS gage","River/Stream","MT41K001_020","Sun River","Fully Supporting","Not Supporting",NA,"Not Supporting","Not Supporting",44.1070218334663,-111.511700000002,47.5250700000012
"MDEQ_WQ_WQX-M12MISSR05","Montana","Missouri River near Ulm at USGS gage","River/Stream","MT41Q001_022","Missouri River","Fully Supporting","Not Supporting",NA,"Fully Supporting","Fully Supporting",89.8402437059427,-111.387500000002,47.4357900000013
"MDEQ_WQ_WQX-M14TETNR11","Montana","Teton River at Frontage Road","River/Stream","MT41O001_010","Teton River","Fully Supporting","Not Supporting",NA,"Fully Supporting","Fully Supporting",26.4483166112337,-111.728080000002,47.9268600000012
"MDEQ_WQ_WQX-M14BLKLC05","Montana","Blackleaf Creek 18.7 miles from Bynam near Blackleaf Road","River/Stream","MT41O002_041","Blackleaf Creek","Fully Supporting","Fully Supporting",NA,"Fully Supporting","Fully Supporting",1.29455077226209,-112.693000000002,48.0130000000012
"MDEQ_WQ_WQX-M13SNSFR02","Montana","Sun River South Fork downstream of pack bridge","River/Stream","MT41K002_030","Ford Creek","Fully Supporting","Fully Supporting",NA,"Fully Supporting","Fully Supporting",12747.6467789184,-112.891300000002,47.5099000000012
"MDEQ_WQ_WQX-REFCAC","Montana","Calf Creek","River/Stream","MT41J002_030","Sheep Creek","Fully Supporting","Not Supporting",NA,"Not Supporting","Fully Supporting",2089.46058137184,-110.960000000002,46.8450000000013
"MDEQ_WQ_WQX-M12LAKEC03","Montana","Lake Creek near Benton Lake","River/Stream","MT41Q002_010","Lake Creek","Not Supporting","Not Supporting",NA,"Not Assessed","Not Supporting",22.9371226458705,-111.409100000002,47.7082000000012
"MDEQ_WQ_WQX-M12DRBNR07","Montana","Dearborn River at mouth","River/Stream","MT41Q003_010","Dearborn River","Fully Supporting","Not Supporting",NA,"Not Assessed","Fully Supporting",18.4052593225345,-111.911970000002,47.1289400000013
"MDEQ_WQ_WQX-M10SMTHR05","Montana","Smith River at mouth","River/Stream","MT41J001_020","Smith River","Fully Supporting","Not Supporting",NA,"Insufficient Information","Fully Supporting",6.56015289409048,-111.477390000002,47.4095200000013
"MDEQ_WQ_WQX-M13SUNR07","Montana","Sun River at mouth","River/Stream","MT41K001_020","Sun River","Fully Supporting","Not Supporting",NA,"Not Supporting","Not Supporting",31.8922462052324,-111.318720000002,47.4937400000013
"MDEQ_WQ_WQX-M11BELTC02","Montana","Belt Creek downstream Salem Road bridge crossing","River/Stream","MT41U001_012","Belt Creek","Not Supporting","Not Supporting",NA,"Insufficient Information","Not Supporting",3.30035886142456,-111.030190000002,47.5853200000013
"MDEQ_WQ_WQX-M12HIWDC02","Montana","Highwood Creek near mouth","River/Stream","MT41Q001_014","Missouri River","Not Supporting","Not Supporting",NA,"Not Supporting","Fully Supporting",390.854280734419,-110.993930000002,47.6730000000013
"MDEQ_WQ_WQX-M12SHEPC01","Montana","Sheep Creek near mouth","River/Stream","MT41Q001_021","Missouri River","Not Supporting","Not Supporting",NA,"Fully Supporting","Fully Supporting",640.552613910387,-111.809970000002,47.1705500000012
"MDEQ_WQ_WQX-M12CNVCN01","Montana","Chestnut Valley Canal below intake","Canal Irrigation","MT41Q001_022","Missouri River","Fully Supporting","Not Supporting",NA,"Fully Supporting","Fully Supporting",117.275800596813,-111.810100000002,47.1775800000013
"MDEQ_WQ_WQX-M12MISSR03","Montana","Missouri River upstream Dearborn","River/Stream","MT41Q001_021","Missouri River","Not Supporting","Not Supporting",NA,"Fully Supporting","Fully Supporting",33.6185641645896,-111.924800000002,47.1233600000012
"MDEQ_WQ_WQX-M12MISSR09","Montana","Missouri River near Carter's Ferry","River/Stream","MT41Q001_014","Missouri River","Not Supporting","Not Supporting",NA,"Not Supporting","Fully Supporting",44.4087207347076,-110.897290000002,47.7565100000013
"MDEQ_WQ_WQX-M10SMTHR07","Montana","Smith River at Ulm","River/Stream","MT41J001_020","Smith River","Fully Supporting","Not Supporting",NA,"Insufficient Information","Fully Supporting",11.6769456741318,-111.449070000002,47.3920400000013
"MDEQ_WQ_WQX-M12MISSR14","Montana","Missouri River at Cascade bridge","River/Stream","MT41Q001_022","Missouri River","Fully Supporting","Not Supporting",NA,"Fully Supporting","Fully Supporting",31.2108302103427,-111.695380000002,47.2696000000012
"MDEQ_WQ_WQX-M10SHEPC04","Montana","Sheep Creek upstream of Calf Creek","River/Stream","MT41J002_030","Sheep Creek","Fully Supporting","Not Supporting",NA,"Not Supporting","Fully Supporting",9.47505396191367,-110.973440000002,46.8286100000013
"MDEQ_WQ_WQX-M10SHEPC05","Montana","Sheep Creek at the Sheep Creek Campground","River/Stream","MT41J002_030","Sheep Creek","Fully Supporting","Not Supporting",NA,"Not Supporting","Fully Supporting",11.8154999141948,-110.923680000002,46.8111000000013
"MDEQ_WQ_WQX-M10MOOSC02","Montana","Moose Creek","River/Stream","MT41J002_120","Moose Creek","Fully Supporting","Not Supporting",NA,"Insufficient Information","Fully Supporting",0.69427052902871,-110.904150000002,46.8113600000013
"MDEQ_WQ_WQX-M10MOOSC03","Montana","Moose Creek downstream of Allan Creek","River/Stream","MT41J002_120","Moose Creek","Fully Supporting","Not Supporting",NA,"Insufficient Information","Fully Supporting",13.3490755251313,-110.864860000002,46.8444800000013
"MDEQ_WQ_WQX-M10MOOSC04","Montana","Moose Creek downstream of Coyote Creek","River/Stream","MT41J002_120","Moose Creek","Fully Supporting","Not Supporting",NA,"Insufficient Information","Fully Supporting",8.51540085531102,-110.845910000002,46.8601700000013
"MDEQ_WQ_WQX-M10MOOSC05","Montana","Moose Creek upstream Wet Creek, downstream Rocking Chair Creek","River/Stream","MT41J002_120","Moose Creek","Fully Supporting","Not Supporting",NA,"Insufficient Information","Fully Supporting",2.49054712984067,-110.808000000002,46.8709500000013
"MDEQ_WQ_WQX-M10MOOSC06","Montana","Moose Creek about 2 miles below the headwaters","River/Stream","MT41J002_120","Moose Creek","Fully Supporting","Not Supporting",NA,"Insufficient Information","Fully Supporting",11.9698166079766,-110.777350000002,46.8710700000013
"MDEQ_WQ_WQX-M10SHEPC07","Montana","Sheep Creek downstream of Little Sheep Creek","River/Stream","MT41J002_030","Sheep Creek","Fully Supporting","Not Supporting",NA,"Not Supporting","Fully Supporting",4.59078390630734,-110.909470000002,46.7854300000013
"MDEQ_WQ_WQX-M10SHEPC08","Montana","Sheep Creek near the USFS campground","River/Stream","MT41J002_030","Sheep Creek","Fully Supporting","Not Supporting",NA,"Not Supporting","Fully Supporting",12.4134220452879,-110.785500000002,46.7646200000013
"MDEQ_WQ_WQX-M10SHEPC09","Montana","Sheep Creek about 3/4 mile downstream of Nugget Creek","River/Stream","MT41J002_030","Sheep Creek","Fully Supporting","Not Supporting",NA,"Not Supporting","Fully Supporting",0.51763864377612,-110.710700000002,46.7668900000013
"MDEQ_WQ_WQX-M10SHEPC10","Montana","Sheep Creek upstream of Deadman Creek","River/Stream","MT41J002_030","Sheep Creek","Fully Supporting","Not Supporting",NA,"Not Supporting","Fully Supporting",12.3531667782481,-110.696480000002,46.7849900000013
"MDEQ_WQ_WQX-M10NUGTC01","Montana","Nugget Creek near the mouth (Sheep Creek)","River/Stream","MT41J002_030","Sheep Creek","Fully Supporting","Not Supporting",NA,"Not Supporting","Fully Supporting",333.584666639559,-110.703800000002,46.7755700000013
"MDEQ_WQ_WQX-M10SHEPC11","Montana","Sheep Creek at headwaters, at Showdown ski area","River/Stream","MT41J002_030","Sheep Creek","Fully Supporting","Not Supporting",NA,"Not Supporting","Fully Supporting",60.940056374166,-110.700900000002,46.8388000000013
"MDEQ_WQ_WQX-M10LSHPC01","Montana","Little Sheep Creek near Sheep Creek Road crossing","River/Stream","MT41J002_030","Sheep Creek","Fully Supporting","Not Supporting",NA,"Not Supporting","Fully Supporting",251.527273228217,-110.896840000002,46.7740400000013
"MDEQ_WQ_WQX-M10BBUTC01","Montana","Big Butte Creek on USFS","River/Stream","MT41J002_030","Sheep Creek","Fully Supporting","Not Supporting",NA,"Not Supporting","Fully Supporting",3633.8427219607,-110.955930000002,46.7738500000013
"MDEQ_WQ_WQX-M10CAMRC01","Montana","Cameron Creek at Forest Road 119 crossing","River/Stream","MT41J002_030","Sheep Creek","Fully Supporting","Not Supporting",NA,"Not Supporting","Fully Supporting",1011.64640873565,-110.956500000002,46.8319000000013
"MDEQ_WQ_WQX-M10INDNC01","Montana","Indian Creek at FR119 crossing","River/Stream","MT41J002_030","Sheep Creek","Fully Supporting","Not Supporting",NA,"Not Supporting","Fully Supporting",1707.15592387275,-110.936250000002,46.8327400000013
"MDEQ_WQ_WQX-M10SHEPC12","Montana","Sheep Creek at the mouth","River/Stream","MT41J001_010","Smith River","Fully Supporting","Not Supporting",NA,"Not Supporting","Fully Supporting",21.1464809830361,-111.182970000002,46.8041900000013
"MONT_PPL_WQX-PPL-M12MISSR01","Montana","Missouri River at Central Avenue Bridge in Great Falls","River/Stream","MT41Q001_011","Missouri River","Not Supporting","Not Supporting",NA,"Fully Supporting","Fully Supporting",160.9967731685,-111.310720000002,47.5063800000012
"MONT_PPL_WQX-PPL-M12MISSR03","Montana","Missouri River at Black Eagle Dam Tailrace","River/Stream","MT41Q001_011","Missouri River","Not Supporting","Not Supporting",NA,"Fully Supporting","Fully Supporting",3.84136684797198,-111.260430000002,47.5213200000013
"MONT_PPL_WQX-PPL-M12MISSR04","Montana","Missouri River at Rainbow Dam Tailrace","River/Stream","MT41Q001_013","Missouri River","Not Supporting","Not Supporting",NA,"Fully Supporting","Fully Supporting",127.234280553266,-111.194450000002,47.5385700000013
"MONT_PPL_WQX-PPL-M12MISSR05","Montana","Missouri River downstream Cochrane Dam Turbine Discharge","River/Stream","MT41Q001_013","Missouri River","Not Supporting","Not Supporting",NA,"Fully Supporting","Fully Supporting",79.5331889242551,-111.148750000002,47.5535600000012
"MONT_PPL_WQX-PPL-M12MISSR06","Montana","Missouri River at Ryan Dam Tailrace","River/Stream","MT41Q001_013","Missouri River","Not Supporting","Not Supporting",NA,"Fully Supporting","Fully Supporting",14.0853761865065,-111.119020000002,47.5684900000012
"MONT_PPL_WQX-PPL-M12MISSR02","Montana","Missouri River downstream from Morony Dam","River/Stream","MT41Q001_014","Missouri River","Not Supporting","Not Supporting",NA,"Not Supporting","Fully Supporting",61.6223958250395,-111.060100000002,47.5837200000013
"MTWTRSHD_WQX-SUN-ELKC01","Montana","Elk Creek at Scheeres","River/Stream","MT41K001_010","Sun River","Fully Supporting","Not Supporting",NA,"Fully Supporting","Fully Supporting",3447.60786842741,-112.341667000002,47.5063890000012
"MTWTRSHD_WQX-SUN-SUNR54","Montana","Sun River at Simms","River/Stream","MT41K001_010","Sun River","Fully Supporting","Not Supporting",NA,"Fully Supporting","Fully Supporting",23.6152063572642,-111.932222000002,47.5022220000012
"MTWTRSHD_WQX-SUN-SUNR55","Montana","Sun River at Ft Shaw Irrigation Dist headwork","River/Stream","MT41K001_010","Sun River","Fully Supporting","Not Supporting",NA,"Fully Supporting","Fully Supporting",143.365557526419,-112.051667000002,47.5136110000012
"MTWTRSHD_WQX-SUN-SUNR52","Montana","Sun River at Sun River","River/Stream","MT41K001_010","Sun River","Fully Supporting","Not Supporting",NA,"Fully Supporting","Fully Supporting",41.97399160384,-111.715556000002,47.5341670000012
"MTWTRSHD_WQX-SUN-SUNR53","Montana","Sun River at Fort Shaw","River/Stream","MT41K001_010","Sun River","Fully Supporting","Not Supporting",NA,"Fully Supporting","Fully Supporting",106.003715683907,-111.813611000002,47.5127780000012
"MTWTRSHD_WQX-SUN-MUDYC55","Montana","Muddy Creek at Power","River/Stream","MT41K002_010","Muddy Creek","Not Supporting","Not Supporting",NA,"Not Supporting","Not Supporting",111.983994474662,-111.721389000002,47.7125000000012
"MTWTRSHD_WQX-SUN-BIGCU01","Montana","Big Coulee at highway","River/Stream","MT41K001_010","Sun River","Fully Supporting","Not Supporting",NA,"Fully Supporting","Fully Supporting",5336.98412313769,-111.976944000002,47.5591670000012
"MTWTRSHD_WQX-SUN-ADBEC02","Montana","Adobe Creek upper","River/Stream","MT41K001_010","Sun River","Fully Supporting","Not Supporting",NA,"Fully Supporting","Fully Supporting",5321.45475885467,-111.763889000002,47.4766670000012
"MTWTRSHD_WQX-SUN-ELKC02","Montana","Elk Creek at highway","River/Stream","MT41K002_020","Ford Creek","Fully Supporting","Not Supporting",NA,"Fully Supporting","Fully Supporting",7041.21307960678,-112.473056000002,47.4169440000012
"MTWTRSHD_WQX-SUN-SMTHC01","Montana","Smith Creek at highway","River/Stream","MT41K002_020","Ford Creek","Fully Supporting","Not Supporting",NA,"Fully Supporting","Fully Supporting",8533.26188566146,-112.446667000002,47.4441670000012
"MTWTRSHD_WQX-SUN-MUDYC58","Montana","Muddy Creek at Cordova","River/Stream","MT41K002_010","Muddy Creek","Not Supporting","Not Supporting",NA,"Not Supporting","Not Supporting",3646.05768648915,-111.783611000002,47.7200000000012
"MDEQ_WQ_WQX-M11LBLTC01","Montana","Little Belt Creek 1 1/2 mi above mouth","River/Stream","MT41U002_040","Little Belt Creek","Fully Supporting","Not Supporting",NA,"Not Supporting","Fully Supporting",16.5314210163104,-110.906170000002,47.4327900000013
"MDEQ_WQ_WQX-M14DEEPC04","Montana","Deep Creek about 1 mile upstream of Hwy 287","River/Stream","MT41O002_020","Deep Creek","Not Assessed","Not Supporting",NA,"Not Supporting","Fully Supporting",1.37307232088496,-112.241400000002,47.7509000000012
"MDEQ_WQ_WQX-M10TNDFC01","Montana","Tenderfoot Creek above confluence with Coyote Creek","River/Stream","MT41J001_010","Smith River","Fully Supporting","Not Supporting",NA,"Not Supporting","Fully Supporting",10035.6744609767,-111.145900000002,46.9502000000013
"MDEQ_WQ_WQX-M13SUNR03","Montana","Sun River at road #108 bridge crossing","River/Stream","MT41K001_010","Sun River","Fully Supporting","Not Supporting",NA,"Fully Supporting","Fully Supporting",2.49583986886186,-112.753600000002,47.6070000000012
"MDEQ_WQ_WQX-M13SUNR02","Montana","Sun River at tailrace rool downstream of dam outflow","River/Stream","MT41K001_010","Sun River","Fully Supporting","Not Supporting",NA,"Fully Supporting","Fully Supporting",3.76711246011507,-112.759600000002,47.6019000000012
"MDEQ_WQ_WQX-M13SUNR04","Montana","Sun River at tail-out of trailrace pool","River/Stream","MT41K001_010","Sun River","Fully Supporting","Not Supporting",NA,"Fully Supporting","Fully Supporting",77.9267646908902,-112.757700000002,47.6025000000012
"MDEQ_WQ_WQX-M13SUNR05","Montana","Sun River at Hannan Bridge","River/Stream","MT41K001_010","Sun River","Fully Supporting","Not Supporting",NA,"Fully Supporting","Fully Supporting",31.3692102513355,-112.734500000002,47.6164000000012
"MDEQ_WQ_WQX-M14BLKLC01","Montana","Blackleaf Creek","River/Stream","MT41O002_042","Blackleaf Creek","Fully Supporting","Not Supporting",NA,"Fully Supporting","Fully Supporting",35.1894039957852,-112.563333000002,48.0127780000012
"MDEQ_WQ_WQX-M12SHAWC01","Montana","Shaw Creek","River/Stream","MT41U001_012","Belt Creek","Not Supporting","Not Supporting",NA,"Insufficient Information","Not Supporting",10761.3582000443,-110.718400000002,47.4960000000013
"MDEQ_WQ_WQX-M21ARRWC02","Montana","Arrow Creek west of Big Sage","River/Stream","MT41R001_020","Arrow Creek",NA,"Not Supporting",NA,"Fully Supporting",NA,6.857965221107,-109.839200000002,47.6250000000013
"MDEQ_WQ_WQX-M10WHITC01","Montana","Whitetail Creek","River/Stream","MT41J001_010","Smith River","Fully Supporting","Not Supporting",NA,"Not Supporting","Fully Supporting",15151.9622352646,-111.495400000002,46.9969000000012
"MDEQ_WQ_WQX-M12HIWDC01","Montana","Highwood Creek","River/Stream","MT41U001_012","Belt Creek","Not Supporting","Not Supporting",NA,"Insufficient Information","Not Supporting",10591.6386651579,-110.719300000002,47.5002000000013
"MDEQ_WQ_WQX-M13MUDYC01","Montana","Muddy Creek 6 miles upstream from Vaughn, MT","River/Stream","MT41K002_010","Muddy Creek","Not Supporting","Not Supporting",NA,"Not Supporting","Not Supporting",18.5927874495763,-111.636667000002,47.6266670000012
"MDEQ_WQ_WQX-M10THOMG02","Montana","Thompson Gulch upstream","River/Stream","MT41J002_070","Thompson Gulch","Fully Supporting","Not Supporting",NA,"Fully Supporting","Fully Supporting",1.5029391609808,-111.177220000002,46.5615400000013
"MDEQ_WQ_WQX-M10THOMG03","Montana","Thompson Gulch at headwaters","River/Stream","MT41J002_070","Thompson Gulch","Fully Supporting","Not Supporting",NA,"Fully Supporting","Fully Supporting",0.154585161277448,-111.213780000002,46.5162400000013
"MDEQ_WQ_WQX-M10CAMLC01","Montana","Little Camas Creek just above confluence with Big Camas Cr","River/Stream","MT41J002_100","Little Camas Creek","Fully Supporting","Not Supporting",NA,"Not Supporting","Fully Supporting",8.80866160699942,-111.217570000002,46.5431700000013
"MDEQ_WQ_WQX-M10MOOSC01","Montana","Moose Creek upstream of bridge crossing","River/Stream","MT41J002_120","Moose Creek","Fully Supporting","Not Supporting",NA,"Insufficient Information","Fully Supporting",8.18280699607772,-110.838680000002,46.8614800000013
"MDEQ_WQ_WQX-M10NEWLC02","Montana","Newlan Creek 3 miles on Newland Road above Hwy 360","River/Stream","MT41J002_081","Newlan Creek","Fully Supporting","Not Supporting",NA,"Not Supporting","Fully Supporting",30.6935195376724,-110.979170000002,46.6283700000013
"MDEQ_WQ_WQX-M10NEWLC01","Montana","Newlan Creek upstream site","River/Stream","MT41J002_082","Newlan Creek","Fully Supporting","Not Supporting",NA,"Fully Supporting","Fully Supporting",30.6790447454454,-110.859760000002,46.7103500000013
"MDEQ_WQ_WQX-M10BEVRC01","Montana","Beaver Creek upstream of cattle bridge over Pasture Road","River/Stream","MT41J002_040","Beaver Creek","Fully Supporting","Not Supporting",NA,"Not Supporting","Fully Supporting",19.6452951684956,-111.408500000002,46.7439500000013
"MDEQ_WQ_WQX-M10BEVRC02","Montana","Beaver Creek Mid Reach near FS Road 397","River/Stream","MT41J002_040","Beaver Creek","Fully Supporting","Not Supporting",NA,"Not Supporting","Fully Supporting",5.41462503025972,-111.310040000002,46.7548200000013
"MDEQ_WQ_WQX-M10BEVRC03","Montana","Beaver Creek downtream site and below Cr 360","River/Stream","MT41J002_040","Beaver Creek","Fully Supporting","Not Supporting",NA,"Not Supporting","Fully Supporting",42.378142813715,-111.191350000002,46.7518500000013
"MDEQ_WQ_WQX-M10THOMG01","Montana","Thompson Gulch downstream 2 miles above Smith River","River/Stream","MT41J002_070","Thompson Gulch","Fully Supporting","Not Supporting",NA,"Fully Supporting","Fully Supporting",13.7206549436259,-111.125230000002,46.6004600000013
"MDEQ_WQ_WQX-M10ELKC01","Montana","Elk Creek downstream","River/Stream","MT41J002_060","Elk Creek","Fully Supporting","Not Supporting",NA,"Fully Supporting","Fully Supporting",13.4856379531354,-111.195380000002,46.6776500000013
"MDEQ_WQ_WQX-M10ELKC02","Montana","Elk Creek upstream","River/Stream","MT41J002_060","Elk Creek","Fully Supporting","Not Supporting",NA,"Fully Supporting","Fully Supporting",35.3424690729349,-111.243680000002,46.6473800000013
"MDEQ_WQ_WQX-M10HONDC02","Montana","Hound Creek downstream near confluence with Smith River","River/Stream","MT41J002_020","Hound Creek","Fully Supporting","Not Supporting",NA,"Not Supporting","Fully Supporting",7.03395408311741,-111.408090000002,47.2135200000013
"MDEQ_WQ_WQX-M10SHEPC02","Montana","Sheep Creek downstream of Sheep Creek Campground","River/Stream","MT41J002_030","Sheep Creek","Fully Supporting","Not Supporting",NA,"Not Supporting","Fully Supporting",7.66650810111282,-110.927600000002,46.8116000000013
"MDEQ_WQ_WQX-M10SHEPC03","Montana","Sheep Creek at headwaters","River/Stream","MT41J002_030","Sheep Creek","Fully Supporting","Not Supporting",NA,"Not Supporting","Fully Supporting",24.2119449893907,-110.699460000002,46.7741600000013
"MDEQ_WQ_WQX-M10SMRNF02","Montana","Smith River North Fork downstream of Reservoir","River/Stream","MT41J002_011","North Fork Smith River","Fully Supporting","Fully Supporting",NA,"Not Supporting","Not Assessed",5.50088202730895,-110.802000000002,46.6069300000013
"MDEQ_WQ_WQX-M10SMRNF03","Montana","Smith River North Fork upstream Reservior","River/Stream","MT41J002_012","North Fork Smith River","Fully Supporting","Fully Supporting",NA,"Fully Supporting","Fully Supporting",0.0346376676932682,-110.713930000002,46.6799400000013
"MDEQ_WQ_WQX-M10BENTG03","Montana","Benton Gulch middle section","River/Stream","MT41J002_050","Benton Gulch","Not Assessed","Not Assessed",NA,"Not Supporting","Not Assessed",17.2209619419693,-111.287450000002,46.6894900000013
"MDEQ_WQ_WQX-M10CMASC02","Montana","Camas Creek downstream of Atlanta Creek","River/Stream","MT41J002_110","Camas Creek","Not Assessed","Not Assessed",NA,"Not Supporting","Not Assessed",13.4057316927354,-111.208930000002,46.5697400000013
"MDEQ_WQ_WQX-M10CMASC03","Montana","Camas Creek at ranch (Camas Creek Cattle)","River/Stream","MT41J002_110","Camas Creek","Not Assessed","Not Assessed",NA,"Not Supporting","Not Assessed",18.2216782046029,-111.192950000002,46.6444200000013
"MDEQ_WQ_WQX-M10HONDC03","Montana","Hound Creek upstream","River/Stream","MT41Q002_070","South Fork Stickney Creek","Fully Supporting","Fully Supporting",NA,"Fully Supporting","Fully Supporting",9054.96124301431,-111.636560000002,47.0020700000013
"MDEQ_WQ_WQX-M11BOTRC01","Montana","Big Otter Creek about 200 feet upstream from the mouth","River/Stream","MT41U002_050","Big Otter Creek","Not Assessed","Not Supporting",NA,"Fully Supporting","Not Assessed",2.45852745173629,-110.895780000002,47.3460800000013
"MDEQ_WQ_WQX-M11BOTRC02","Montana","Big Otter Creek 1 mile upstream of county road","River/Stream","MT41U002_050","Big Otter Creek","Not Assessed","Not Supporting",NA,"Fully Supporting","Not Assessed",4.98089232780171,-110.612280000002,47.1746700000013
"MDEQ_WQ_WQX-M11BOTRC03","Montana","Big Otter Creek in Raynesford","River/Stream","MT41U002_050","Big Otter Creek","Not Assessed","Not Supporting",NA,"Fully Supporting","Not Assessed",14.1275682341601,-110.730680000002,47.2690700000013
"MDEQ_WQ_WQX-M11LBLTC02","Montana","Little Belt Creek 200 yards upstream of Orr Coulee Road","River/Stream","MT41U002_040","Little Belt Creek","Fully Supporting","Not Supporting",NA,"Not Supporting","Fully Supporting",2206.03264455865,-110.850970000002,47.4113900000013
"MDEQ_WQ_WQX-M11LBLTC03","Montana","Little Belt Creek at Jarvi Road bridge","River/Stream","MT41U002_050","Big Otter Creek","Not Assessed","Not Supporting",NA,"Fully Supporting","Not Assessed",12259.7008248001,-110.706180000002,47.3866700000013
"MDEQ_WQ_WQX-M12DBRSF04","Montana","Dearborn River South Fork abv rd bridge on Mike Bay's prop","River/Stream","MT41Q003_030","South Fork Dearborn River","Not Assessed","Not Supporting",NA,"Fully Supporting","Fully Supporting",16.6107445198209,-112.218330000002,47.1622220000012
"MDEQ_WQ_WQX-M12DBRMF01","Montana","Dearborn River Middle Fork 60 ft upstrem road S of Hwy 200","River/Stream","MT41Q003_020","Middle Fork Dearborn River","Fully Supporting","Not Supporting",NA,"Fully Supporting","Fully Supporting",99.6483836904843,-112.352770000002,47.1030560000012
"MDEQ_WQ_WQX-M12DBRMF02","Montana","Dearborn River Middle Fork upstream of Hwy 200 crossing","River/Stream","MT41Q003_020","Middle Fork Dearborn River","Fully Supporting","Not Supporting",NA,"Fully Supporting","Fully Supporting",8.96961160106437,-112.306660000002,47.1716670000012
"MDEQ_WQ_WQX-M12DBRMF03","Montana","Dearborn River Middle Fork 100 ft abv Ingersolls rd crossing","River/Stream","MT41Q003_020","Middle Fork Dearborn River","Fully Supporting","Not Supporting",NA,"Fully Supporting","Fully Supporting",1.83621521346095,-112.291110000002,47.1927780000012
"MDEQ_WQ_WQX-M12FLTC05","Montana","Flat Creek downstream of road ford","River/Stream","MT41Q003_040","Flat Creek","Not Assessed","Not Supporting",NA,"Fully Supporting","Fully Supporting",4030.71732869176,-112.134440000002,47.3080560000012
"MDEQ_WQ_WQX-M12FLTC01","Montana","Flat Creek upstream of Flat Road crossing west of Barret's","River/Stream","MT41Q003_010","Dearborn River","Fully Supporting","Not Supporting",NA,"Not Assessed","Fully Supporting",4385.50161210705,-112.384440000002,47.3294440000012
"MDEQ_WQ_WQX-M12FLTC07","Montana","Flat Creek 20 yards below Birdtail/Flat Creek Road crossing","River/Stream","MT41Q003_040","Flat Creek","Not Assessed","Not Supporting",NA,"Fully Supporting","Fully Supporting",6.23437150786342,-112.063330000002,47.2513890000012
"MDEQ_WQ_WQX-M12MFDBR01","Montana","Dearborn River Middle Fork upstream","River/Stream","MT41Q003_020","Middle Fork Dearborn River","Fully Supporting","Not Supporting",NA,"Fully Supporting","Fully Supporting",11.4789895862652,-112.354870000002,47.1038700000012
"MDEQ_WQ_WQX-M12MFDBR02","Montana","Dearborn River Middle Fork downstream of Rt. 434","River/Stream","MT41Q003_020","Middle Fork Dearborn River","Fully Supporting","Not Supporting",NA,"Fully Supporting","Fully Supporting",6.64626602313783,-112.275444000002,47.2103890000012
"MDEQ_WQ_WQX-M12SFDBR01","Montana","Dearborn River South Fork u/s of bridge on Blacktail Ranch","River/Stream","MT41Q003_030","South Fork Dearborn River","Not Assessed","Not Supporting",NA,"Fully Supporting","Fully Supporting",1.14444533181729,-112.255139000002,47.1208890000012
"MDEQ_WQ_WQX-M12SFDBR02","Montana","Dearborn River South Fork upstream of Hwy 434","River/Stream","MT41Q003_030","South Fork Dearborn River","Not Assessed","Not Supporting",NA,"Fully Supporting","Fully Supporting",48.9049169147576,-112.226722000002,47.1523610000012
"MDEQ_WQ_WQX-M12DRBNR02","Montana","Dearborn River downstream of Hwy 200","River/Stream","MT41Q003_010","Dearborn River","Fully Supporting","Not Supporting",NA,"Not Assessed","Fully Supporting",24.9536818555372,-112.240944000002,47.2152500000012
"MDEQ_WQ_WQX-M12FLATC01","Montana","Flat Creek near Benton Fork/Birdtail Creek Bridge","River/Stream","MT41Q003_040","Flat Creek","Not Assessed","Not Supporting",NA,"Fully Supporting","Fully Supporting",22.7264547853115,-112.065111000002,47.2518890000012
"MDEQ_WQ_WQX-M12FLATC02","Montana","Flat Creek near Flat Creek Road bridge","River/Stream","MT41Q003_010","Dearborn River","Fully Supporting","Not Supporting",NA,"Not Assessed","Fully Supporting",4703.40408788641,-112.385278000002,47.3322500000012
"MDEQ_WQ_WQX-M12DRBNR03","Montana","Dearborn River upstream","River/Stream","MT41Q003_010","Dearborn River","Fully Supporting","Not Supporting",NA,"Not Assessed","Fully Supporting",0.956738467061899,-112.396250000002,47.2798060000012
"MDEQ_WQ_WQX-SFDBR-04","Montana","South Fork Dearborn at Confluence with Dearborn","River/Stream","MT41Q003_030","South Fork Dearborn River","Not Assessed","Not Supporting",NA,"Fully Supporting","Fully Supporting",82.1657618957247,-112.184520000002,47.1935000000012
"MDEQ_WQ_WQX-M12FLATC04","Montana","Flat Creek at mouth","River/Stream","MT41Q003_040","Flat Creek","Not Assessed","Not Supporting",NA,"Fully Supporting","Fully Supporting",79.2303061986534,-112.018330000002,47.1964440000012
"MDEQ_WQ_WQX-M12FLATC08","Montana","Flat Creek below birdtail rd","River/Stream","MT41Q003_040","Flat Creek","Not Assessed","Not Supporting",NA,"Fully Supporting","Fully Supporting",83.1214116422498,-112.060220000002,47.2288890000012
"MDEQ_WQ_WQX-M12FLATC05","Montana","Flat Creek downstream of Milford Colony","River/Stream","MT41Q003_040","Flat Creek","Not Assessed","Not Supporting",NA,"Fully Supporting","Fully Supporting",9039.98760462602,-112.196880000002,47.3238610000012
"MDEQ_WQ_WQX-M12FLATC06","Montana","Flat Creek diversion from dearborn river","River/Stream","MT41Q003_010","Dearborn River","Fully Supporting","Not Supporting",NA,"Not Assessed","Fully Supporting",63.7209669271991,-112.481750000002,47.2820000000012
"MDEQ_WQ_WQX-M12FLATC07","Montana","Flat Creek on Flat Creek Road","River/Stream","MT41Q003_010","Dearborn River","Fully Supporting","Not Supporting",NA,"Not Assessed","Fully Supporting",4404.01810250683,-112.383380000002,47.3297220000012
"MDEQ_WQ_WQX-M12MFDBR04","Montana","Middle Fork Dearborn below Iryersoll's Road","River/Stream","MT41Q003_020","Middle Fork Dearborn River","Fully Supporting","Not Supporting",NA,"Fully Supporting","Fully Supporting",17.0614656706348,-112.291110000002,47.1929170000012
"MDEQ_WQ_WQX-M12FLATC03","Montana","Flat Creek upstream of Hwy 200","River/Stream","MT41Q003_040","Flat Creek","Not Assessed","Not Supporting",NA,"Fully Supporting","Fully Supporting",3792.31618450021,-112.131940000002,47.3053330000012
"MDEQ_WQ_WQX-M12SFDBR04","Montana","South Fork Dearborn at Mouth at Dearborn river","River/Stream","MT41Q003_030","South Fork Dearborn River","Not Assessed","Not Supporting",NA,"Fully Supporting","Fully Supporting",82.1657618957247,-112.184520000002,47.1935000000012
"MDEQ_WQ_WQX-M12DRBNR06","Montana","Dearborn River Below Confluence with Flat Creek","River/Stream","MT41Q003_010","Dearborn River","Fully Supporting","Not Supporting",NA,"Not Assessed","Fully Supporting",50.6691975140551,-112.017410000002,47.1954440000012
"MDEQ_WQ_WQX-M12DRBNR05","Montana","Dearborn River below falls creek above fc diversion","River/Stream","MT41Q003_010","Dearborn River","Fully Supporting","Not Supporting",NA,"Not Assessed","Fully Supporting",79.7453394823596,-112.481880000002,47.2806110000012
"MDEQ_WQ_WQX-M12LAKEC01","Montana","Lake Creek 200 yards upstream of County Road crossing","River/Stream","MT41Q002_010","Lake Creek","Not Supporting","Not Supporting",NA,"Not Assessed","Not Supporting",16.7676110246285,-111.560278000002,47.7144440000012
"MDEQ_WQ_WQX-M12LAKEC02","Montana","Lake Creek just upstream of Hevron Road Crossing","River/Stream","MT41Q002_010","Lake Creek","Not Supporting","Not Supporting",NA,"Not Assessed","Not Supporting",2.35147384573329,-111.430278000002,47.7113890000013
"MDEQ_WQ_WQX-M12MISSR02","Montana","Missouri River at Craig","River/Stream","MT41Q001_021","Missouri River","Not Supporting","Not Supporting",NA,"Fully Supporting","Fully Supporting",72.1635678575147,-111.964080000002,47.0672300000012
"MDEQ_WQ_WQX-M12MISSR01","Montana","Missouri River downstream Little Prickly Pear","River/Stream","MT41Q001_021","Missouri River","Not Supporting","Not Supporting",NA,"Fully Supporting","Fully Supporting",33.5310782505315,-112.014960000002,47.0258600000012
"MDEQ_WQ_WQX-M12MISSR04","Montana","Missouri River upstream of Sheep Creek confluence","River/Stream","MT41Q001_021","Missouri River","Not Supporting","Not Supporting",NA,"Fully Supporting","Fully Supporting",46.4528393824406,-111.834450000002,47.1678100000012
"MDEQ_WQ_WQX-M12BOXEC01","Montana","Box Elder Creek about 3 1/2 miles south of Belt","River/Stream","MT41U001_012","Belt Creek","Not Supporting","Not Supporting",NA,"Insufficient Information","Not Supporting",5242.35557925115,-110.987778000002,47.3586110000013
"MDEQ_WQ_WQX-M12STSFC01","Montana","Stickney Creek South Fork near the mouth (Stickney Creek)","River/Stream","MT41Q002_070","South Fork Stickney Creek","Fully Supporting","Fully Supporting",NA,"Fully Supporting","Fully Supporting",24.6252431301525,-111.912222000002,47.0852780000012
"MDEQ_WQ_WQX-M12STSFC02","Montana","Stickney Creek South Fork","River/Stream","MT41Q002_070","South Fork Stickney Creek","Fully Supporting","Fully Supporting",NA,"Fully Supporting","Fully Supporting",21.0917656055908,-111.853611000002,47.0777780000013
"MDEQ_WQ_WQX-M12DBRSF01","Montana","Dearborn River South Fork upstream of bridge crossing","River/Stream","MT41Q003_030","South Fork Dearborn River","Not Assessed","Not Supporting",NA,"Fully Supporting","Fully Supporting",9.37084151979545,-112.276110000002,47.1025000000012
"MDEQ_WQ_WQX-M12BOXEC02","Montana","Box Elder Creek at Hwy 200 west of Great Falls","River/Stream","MT41Q002_050","Box Elder Creek","Fully Supporting","Not Supporting",NA,"Fully Supporting","Fully Supporting",42.315164273911,-111.060000000002,47.4522000000013
"MDEQ_WQ_WQX-M12BOXEC03","Montana","Box Elder Creek at Swift Road","River/Stream","MT41Q002_050","Box Elder Creek","Fully Supporting","Not Supporting",NA,"Fully Supporting","Fully Supporting",97.4967464814557,-111.093300000002,47.4793000000013
"MDEQ_WQ_WQX-M12BOXEC04","Montana","Box Elder Creek at Highwood Road","River/Stream","MT41Q002_050","Box Elder Creek","Fully Supporting","Not Supporting",NA,"Fully Supporting","Fully Supporting",6.17742482734614,-111.088500000002,47.5024000000013
"MDEQ_WQ_WQX-M14DEEPC01","Montana","Deep Creek at Highway 287","River/Stream","MT41O002_020","Deep Creek","Not Assessed","Not Supporting",NA,"Not Supporting","Fully Supporting",287.172672481105,-112.203889000002,47.7663890000012
"MDEQ_WQ_WQX-M14DEEPC02","Montana","Deep Creek below Willow Creek","River/Stream","MT41O002_020","Deep Creek","Not Assessed","Not Supporting",NA,"Not Supporting","Fully Supporting",1.0192565234548,-112.276944000002,47.7405560000012
"MDEQ_WQ_WQX-M14WILOC01","Montana","Willow Creek at mouth","River/Stream","MT41O002_010","Willow Creek","Fully Supporting","Not Supporting",NA,"Fully Supporting","Fully Supporting",50.9663764120701,-112.282778000002,47.7388890000012
"MDEQ_WQ_WQX-M14WILOC02","Montana","Willow Creek at headwaters","River/Stream","MT41O002_010","Willow Creek","Fully Supporting","Not Supporting",NA,"Fully Supporting","Fully Supporting",21.1491799071534,-112.475556000002,47.8080560000012
"MDEQ_WQ_WQX-M14SPRC02","Montana","Spring Creek Lower at mouth","River/Stream","MT41O002_060","Teton Spring Creek","Not Assessed","Not Supporting",NA,"Not Supporting","Fully Supporting",5.91481120089217,-112.146111000002,47.7938890000012
"MDEQ_WQ_WQX-M14BKLFC02","Montana","Blackleaf Creek at Lower Forest Service Boundary","River/Stream","MT41O002_041","Blackleaf Creek","Fully Supporting","Fully Supporting",NA,"Fully Supporting","Fully Supporting",150.845191888436,-112.676667000002,48.0202780000012
"MDEQ_WQ_WQX-M14BKLFC01","Montana","Blackleaf Creek at lower road access","River/Stream","MT41O002_070","Teton Spring Creek","Not Assessed","Not Supporting",NA,"Not Assessed","Fully Supporting",14.633590173872,-112.179722000002,47.8127780000012
"MDEQ_WQ_WQX-M14BLKLC02","Montana","Blackleaf Creek at county road crossing","River/Stream","MT41O002_042","Blackleaf Creek","Fully Supporting","Not Supporting",NA,"Fully Supporting","Fully Supporting",23.8951378636675,-112.480556000002,48.0211110000012
"MDEQ_WQ_WQX-M14BLKLC03","Montana","Blackleaf Creek at ranch house","River/Stream","MT41O002_042","Blackleaf Creek","Fully Supporting","Not Supporting",NA,"Fully Supporting","Fully Supporting",32.5135541577121,-112.431389000002,48.0136110000012
"MDEQ_WQ_WQX-M14MUDCF01","Montana","Clark Fork of Muddy Creek upstream of dam","River/Stream","MT41O002_080","Clark Fork Muddy Creek","Fully Supporting","Fully Supporting",NA,"Fully Supporting","Fully Supporting",8.10268171928324,-112.632222000002,47.9413890000012
"MDEQ_WQ_WQX-M14BLKLC04","Montana","Blackleaf Creek just upstream of ditch on private ranch","River/Stream","MT41O002_042","Blackleaf Creek","Fully Supporting","Not Supporting",NA,"Fully Supporting","Fully Supporting",75.6315803061073,-112.397500000002,48.0061110000012
"MDEQ_WQ_WQX-M14TETNR05","Montana","Teton River","River/Stream","MT41O001_020","Teton River","Fully Supporting","Not Supporting",NA,"Fully Supporting","Not Supporting",15.902277491467,-111.935861000002,47.8922220000012
"MDEQ_WQ_WQX-M14SPRGC01","Montana","Spring Creek above Choteau, 10th lane NW","River/Stream","MT41O002_070","Teton Spring Creek","Not Assessed","Not Supporting",NA,"Not Assessed","Fully Supporting",9.79285001968569,-112.194444000002,47.8352220000012
"MDEQ_WQ_WQX-M14SPRGC02","Montana","Spring Creek at Hwy 89 upstream of road","River/Stream","MT41O002_070","Teton Spring Creek","Not Assessed","Not Supporting",NA,"Not Assessed","Fully Supporting",9.43874065038093,-112.265583000002,47.8746670000012
"MDEQ_WQ_WQX-M14MCDLC01","Montana","McDonald Creek at mouth on private land","River/Stream","MT41O001_030","Teton River","Fully Supporting","Not Supporting",NA,"Not Assessed","Fully Supporting",85.5410210367352,-112.372833000002,47.8833060000012
"MDEQ_WQ_WQX-M14MCDLC02","Montana","McDonald Creek at crossroad on Nature Cons land","River/Stream","MT41O002_030","McDonald Creek","Fully Supporting","Fully Supporting",NA,"Fully Supporting","Fully Supporting",36.5625387288064,-112.455806000002,47.8601110000012
"MDEQ_WQ_WQX-M14TETNR01","Montana","Teton River upstream of Choteau","River/Stream","MT41O001_030","Teton River","Fully Supporting","Not Supporting",NA,"Not Assessed","Fully Supporting",8.30816328440346,-112.212750000002,47.8274170000012
"MDEQ_WQ_WQX-M14TETNR02","Montana","Teton River at Hwy 287","River/Stream","MT41O001_030","Teton River","Fully Supporting","Not Supporting",NA,"Not Assessed","Fully Supporting",36.1755776614712,-112.189889000002,47.7946940000012
"MDEQ_WQ_WQX-M14DEEPC03","Montana","Deep Creek at Hwy 287 bridge","River/Stream","MT41O001_030","Teton River","Fully Supporting","Not Supporting",NA,"Not Assessed","Fully Supporting",331.187887421322,-112.205194000002,47.8193330000012
"MDEQ_WQ_WQX-M14TETNR03","Montana","Teton River at Miller Lane off Hwy 89, below city discharge","River/Stream","MT41O001_020","Teton River","Fully Supporting","Not Supporting",NA,"Fully Supporting","Not Supporting",22.4326500808966,-112.154611000002,47.7850560000012
"MDEQ_WQ_WQX-M14SPRGC03","Montana","Spring Creek at Fellows near mouth","River/Stream","MT41O002_060","Teton Spring Creek","Not Assessed","Not Supporting",NA,"Not Supporting","Fully Supporting",5.89532790636695,-112.140056000002,47.7934440000012
"MDEQ_WQ_WQX-M14SPRGC04","Montana","Spring Creek below town/park","River/Stream","MT41O002_060","Teton Spring Creek","Not Assessed","Not Supporting",NA,"Not Supporting","Fully Supporting",23.2303347123937,-112.176806000002,47.8102780000012
"MDEQ_WQ_WQX-M14TETNR04","Montana","Teton River at Hwy 221","River/Stream","MT41O001_020","Teton River","Fully Supporting","Not Supporting",NA,"Fully Supporting","Not Supporting",54.2937889013001,-112.080056000002,47.8131940000012
"MDEQ_WQ_WQX-M14TETNR06","Montana","Teton River near Collins","River/Stream","MT41O001_020","Teton River","Fully Supporting","Not Supporting",NA,"Fully Supporting","Not Supporting",41.33763816722,-111.819444000002,47.9183060000012
"MDEQ_WQ_WQX-M14TETNR07","Montana","Teton River near Dutton","River/Stream","MT41O001_010","Teton River","Fully Supporting","Not Supporting",NA,"Fully Supporting","Fully Supporting",29.0108097553444,-111.708972000002,47.9252780000012
"MDEQ_WQ_WQX-M14TETNR08","Montana","Teton River at USGS station","River/Stream","MT41O001_010","Teton River","Fully Supporting","Not Supporting",NA,"Fully Supporting","Fully Supporting",31.5878536824862,-110.513611000002,47.9325000000013
"MDEQ_WQ_WQX-M14TETNR09","Montana","Teton River","River/Stream","MT41O001_010","Teton River","Fully Supporting","Not Supporting",NA,"Fully Supporting","Fully Supporting",0.0393169921086113,-110.964290000002,47.8560500000013
"MDEQ_WQ_WQX-M14TETNR10","Montana","Teton River at Bootlegger","River/Stream","MT41O001_010","Teton River","Fully Supporting","Not Supporting",NA,"Fully Supporting","Fully Supporting",1.875186247221,-111.325630000002,47.9100200000012
"MDEQ_WQ_WQX-M14TETNR13","Montana","Teton River at South Fork Bridge","River/Stream","MT41O001_030","Teton River","Fully Supporting","Not Supporting",NA,"Not Assessed","Fully Supporting",1.41433213704324,-112.611900000002,47.8831000000012
"MDEQ_WQ_WQX-M14TETNR14","Montana","Teton River above Eureka","River/Stream","MT41O001_030","Teton River","Fully Supporting","Not Supporting",NA,"Not Assessed","Fully Supporting",27.2413292285438,-112.337200000002,47.8836000000012
"MDEQ_WQ_WQX-M14TETNR12","Montana","Teton River upstream of Chester Bridge","River/Stream","MT41O001_010","Teton River","Fully Supporting","Not Supporting",NA,"Fully Supporting","Fully Supporting",45.3428594740509,-110.715640000002,47.8432900000013
"MDEQ_WQ_WQX-M14TETNR15","Montana","Teton River near McDonald Creek mouth","River/Stream","MT41O001_030","Teton River","Fully Supporting","Not Supporting",NA,"Not Assessed","Fully Supporting",10.4045529603342,-112.371900000002,47.8839000000012
"MDEQ_WQ_WQX-M14TETOR02","Montana","Teton River near Loma, 1/4 mi upstream from recreation site","River/Stream","MT41O001_010","Teton River","Fully Supporting","Not Supporting",NA,"Fully Supporting","Fully Supporting",17.6566402302932,-110.514100000002,47.9322000000013
"MDEQ_WQ_WQX-M14MUDCF02","Montana","Clark Fork of Muddy Creek downstream of dam/reservoir","River/Stream","MT41O002_080","Clark Fork Muddy Creek","Fully Supporting","Fully Supporting",NA,"Fully Supporting","Fully Supporting",1.43882088239055,-112.603611000002,47.9427780000012
"MDEQ_WQ_WQX-M14MUDCF03","Montana","Clark Fork of Muddy Creek upstream of confluence with Muddy","River/Stream","MT41O002_080","Clark Fork Muddy Creek","Fully Supporting","Fully Supporting",NA,"Fully Supporting","Fully Supporting",26.4304889827218,-112.507500000002,47.9597220000012
"MDEQ_WQ_WQX-M21COFEC02","Montana","Coffee Creek on state land","River/Stream","MT41R001_010","Coffee Creek",NA,"Not Supporting",NA,"Fully Supporting",NA,10.6624203067301,-109.954700000002,47.4067000000013
"MDEQ_WQ_WQX-M21ARRWC05","Montana","Arrow Creek downstream of Surprise Creek in state section","River/Stream","MT41R001_020","Arrow Creek",NA,"Not Supporting",NA,"Fully Supporting",NA,26.660965129752,-110.198900000002,47.4064000000013
"MDEQ_WQ_WQX-M21ARRWC04","Montana","Arrow Creek upstream of Big Coulee","River/Stream","MT41R001_020","Arrow Creek",NA,"Not Supporting",NA,"Fully Supporting",NA,47.2593687857168,-110.030800000002,47.4756000000013
"MDEQ_WQ_WQX-M21ARRWC01","Montana","Arrow Creek at mouth","River/Stream","MT41R001_020","Arrow Creek",NA,"Not Supporting",NA,"Fully Supporting",NA,49.7894089227318,-109.836100000002,47.7114000000013
"MDEQ_WQ_WQX-M21COFEC01","Montana","Coffee Creek at mouth","River/Stream","MT41R001_010","Coffee Creek",NA,"Not Supporting",NA,"Fully Supporting",NA,45.8725756095349,-109.843900000002,47.5442000000013
"MDEQ_WQ_WQX-M21ARRWC03","Montana","Arrow Creek downstream of Coffee Creek","River/Stream","MT41R001_010","Coffee Creek",NA,"Not Supporting",NA,"Fully Supporting",NA,69.4423950978147,-109.846600000002,47.5438000000013
"MDEQ_WQ_WQX-M21COFEC03","Montana","Coffee Creek upstream of town","River/Stream","MT41R001_010","Coffee Creek",NA,"Not Supporting",NA,"Fully Supporting",NA,83.2708376437058,-110.089600000002,47.3433000000013
"MDEQ_WQ_WQX-M23EAGLS02","Montana","Eagle Creek Spring downstream of Hwy 236 crossing","River/Stream","MT41R001_020","Arrow Creek",NA,"Not Supporting",NA,"Fully Supporting",NA,2914.82636833919,-109.879167000002,47.6411110000013
"MDEQ_WQ_WQX-REFTC","Montana","Tenderfoot Creek","River/Stream","MT41J002_120","Moose Creek","Fully Supporting","Not Supporting",NA,"Insufficient Information","Fully Supporting",7946.21444913056,-110.896667000002,46.9236110000013
"MDEQ_WQ_WQX-M14TETOR01","Montana","Teton River near Loma","River/Stream","MT41O001_010","Teton River","Fully Supporting","Not Supporting",NA,"Fully Supporting","Fully Supporting",1.74473227811573,-110.509444000002,47.9313890000013
"MDEQ_WQ_WQX-M13SUNR01","Montana","Sun River at Sun River abv bridge on HI 200","River/Stream","MT41K001_010","Sun River","Fully Supporting","Not Supporting",NA,"Fully Supporting","Fully Supporting",31.2196694141905,-111.717820000002,47.5351000000012
"MDEQ_WQ_WQX-M21ARRWC06","Montana","Arrow Creek","River/Stream","MT41U002_050","Big Otter Creek","Not Assessed","Not Supporting",NA,"Fully Supporting","Not Assessed",14241.5947967263,-110.486900000002,47.3141000000013
"MDEQ_WQ_WQX-M21ARRWC08","Montana","Arrow Creek","River/Stream","MT41U002_050","Big Otter Creek","Not Assessed","Not Supporting",NA,"Fully Supporting","Not Assessed",14032.2074345122,-110.565800000002,47.3564000000013
"MDEQ_WQ_WQX-M21ARRWC07","Montana","Arrow Creek near Starve Out Flat","River/Stream","MT41R001_020","Arrow Creek",NA,"Not Supporting",NA,"Fully Supporting",NA,20.5607132689937,-109.838600000002,47.6898000000013
"MDEQ_WQ_WQX-M13SNSFR01","Montana","Sun River South Fork upstream of bridge","River/Stream","MT41K002_030","Ford Creek","Fully Supporting","Fully Supporting",NA,"Fully Supporting","Fully Supporting",12386.2769140098,-112.890700000002,47.5061000000012
"MDEQ_WQ_WQX-M12LNPNC01","Montana","Lone Pine Creek near mouth","River/Stream","MT41Q003_010","Dearborn River","Fully Supporting","Not Supporting",NA,"Not Assessed","Fully Supporting",7378.08658785105,-112.494900000002,47.2133000000012
"MTVOLWQM_WQX-ANDERSON","Montana","Smith River below county line camp site","River/Stream","MT41J001_010","Smith River","Fully Supporting","Not Supporting",NA,"Not Supporting","Fully Supporting",58.9128058027567,-111.278570000002,47.0148500000013
"MTVOLWQM_WQX-DS_HOUND_CREEK","Montana","Smith River downstream Hound Creek confluence","River/Stream","MT41J001_020","Smith River","Fully Supporting","Not Supporting",NA,"Insufficient Information","Fully Supporting",6.98226334814941,-111.388730000002,47.2186800000013
"MTVOLWQM_WQX-DS_ROCK_CREEK","Montana","Smith River downstream Rock Creek","River/Stream","MT41J001_010","Smith River","Fully Supporting","Not Supporting",NA,"Not Supporting","Fully Supporting",72.4414575436936,-111.271670000002,46.8716500000013
"MTVOLWQM_WQX-DS_SHEEP_CREEK","Montana","Smith River downstream of Sheep Creek confluence","River/Stream","MT41J001_010","Smith River","Fully Supporting","Not Supporting",NA,"Not Supporting","Fully Supporting",17.8428920775022,-111.184590000002,46.8073700000013
"MTVOLWQM_WQX-DS_SMITH_R_ROAD","Montana","Smith River just downstream of Smith River Road","River/Stream","MT41J001_010","Smith River","Fully Supporting","Not Supporting",NA,"Not Supporting","Fully Supporting",31.5485478607227,-111.178970000002,46.7961400000013
"MTVOLWQM_WQX-DS_TENDERFOOT","Montana","Smith River downstream Tenderfoot Creek","River/Stream","MT41J001_010","Smith River","Fully Supporting","Not Supporting",NA,"Not Supporting","Fully Supporting",70.7551544279782,-111.295210000002,46.9439500000013
"MTVOLWQM_WQX-GIVENS_GULCH","Montana","Smith River located just outside of canyon at Given's Gulch","River/Stream","MT41J001_010","Smith River","Fully Supporting","Not Supporting",NA,"Not Supporting","Fully Supporting",7.3950724159152,-111.330700000002,47.1550600000013
"MTVOLWQM_WQX-TABLE_ROCK","Montana","Smith River below Table Rock campsite","River/Stream","MT41J001_010","Smith River","Fully Supporting","Not Supporting",NA,"Not Supporting","Fully Supporting",20.8664207287913,-111.277530000002,47.0679200000013
"MTWTRSHD_WQX-CARPC01","Montana","Carpenter Creek at mouth of bridge/culvert","River/Stream","MT41U001_011","Belt Creek","Not Supporting","Not Supporting",NA,"Not Assessed","Not Supporting",44.9476713519063,-110.753507000002,46.9505920000013
"MTWTRSHD_WQX-CARPC03","Montana","Carpenter Creek at stream crossing near junk pile","River/Stream","MT41U002_010","Carpenter Creek","Not Supporting","Not Supporting",NA,"Not Assessed","Not Assessed",8.13429513956142,-110.687450000002,46.9732390000013
"MTWTRSHD_WQX-CARPTB","Montana","Carpenter Creek tributary at mouth (heavily mined)","River/Stream","MT41U002_010","Carpenter Creek","Not Supporting","Not Supporting",NA,"Not Assessed","Not Assessed",33.605603723467,-110.696275000002,46.9749280000013
"MTWTRSHD_WQX-CTWDC01","Montana","Cottonwood Creek at Spring Creek Road crossing east of Centerville","River/Stream","MT41Q002_020","Cottonwood Creek","Not Supporting","Not Supporting",NA,"Not Assessed","Not Assessed",4.00822721532588,-111.140480000002,47.3890200000013
"MTWTRSHD_WQX-CTWDC02","Montana","Cottonwood Creek just downstream of Stockett at Dewey Ave","River/Stream","MT41Q002_020","Cottonwood Creek","Not Supporting","Not Supporting",NA,"Not Assessed","Not Assessed",11.6038008647359,-111.161049000002,47.3590590000013
"MTWTRSHD_WQX-CTWDC03","Montana","Cottonwood Creek upstream of Stockett at Cottonwood Coulee Rd","River/Stream","MT41Q002_020","Cottonwood Creek","Not Supporting","Not Supporting",NA,"Not Assessed","Not Assessed",9.83200438399068,-111.164485000002,47.3557440000013
"MTWTRSHD_WQX-CTWDC03A","Montana","Cottonwood Creek tributary upstream of Stockett at Cottonwood Coulee Rd","River/Stream","MT41Q002_020","Cottonwood Creek","Not Supporting","Not Supporting",NA,"Not Assessed","Not Assessed",9.83200438399068,-111.164485000002,47.3557440000013
"MTWTRSHD_WQX-CTWDC04","Montana","Cottonwood Creek below fork, below large in-stream pond","River/Stream","MT41Q002_020","Cottonwood Creek","Not Supporting","Not Supporting",NA,"Not Assessed","Not Assessed",1343.68256526602,-111.155140000002,47.3338300000013
"MTWTRSHD_WQX-DFKBC01","Montana","Dry Fork Belt Creek at Monarch, at mouth of Dry Fork","River/Stream","MT41U002_030","Dry Fork Belt Creek","Not Supporting","Not Supporting",NA,"Not Assessed","Not Assessed",15.1953502712296,-110.834810000002,47.0952600000013
"MTWTRSHD_WQX-DFKBC02","Montana","Dry Fork Belt Creek downstream from Galena Creek on USFS property","River/Stream","MT41U002_030","Dry Fork Belt Creek","Not Supporting","Not Supporting",NA,"Not Assessed","Not Assessed",36.527862869888,-110.679070000002,47.0512700000013
"MTWTRSHD_WQX-DFKBC03","Montana","Dry Fork Belt Creek at USFS road crossing upstream of Galena Creek","River/Stream","MT41U002_030","Dry Fork Belt Creek","Not Supporting","Not Supporting",NA,"Not Assessed","Not Assessed",12.0458886700114,-110.630290000002,47.0475800000013
"MTWTRSHD_WQX-GLNAC01","Montana","Galena Creek at mouth of Galena Creek on USFS land","River/Stream","MT41U002_020","Galena Creek","Not Supporting","Not Supporting",NA,"Not Assessed","Not Assessed",46.9309174069227,-110.649320000002,47.0559000000013
"MTWTRSHD_WQX-GLNAC02","Montana","Galena Creek at road crossing","River/Stream","MT41U002_020","Galena Creek","Not Supporting","Not Supporting",NA,"Not Assessed","Not Assessed",30.2048826248693,-110.639615000002,47.0698230000013
"MTWTRSHD_WQX-GLNAC04","Montana","Galena Creek at crossing just above Hughesville buildings","River/Stream","MT41U002_020","Galena Creek","Not Supporting","Not Supporting",NA,"Not Assessed","Not Assessed",8.7986565331257,-110.631360000002,47.0839300000013
"MTWTRSHD_WQX-LBLTC01","Montana","Lower Belt Creek at Salem Road crossing","River/Stream","MT41U001_012","Belt Creek","Not Supporting","Not Supporting",NA,"Insufficient Information","Not Supporting",48.7601053255116,-111.030188000002,47.5837700000013
"MTWTRSHD_WQX-LBLTC02","Montana","Lower Belt Creek at E Highwood Road crossing","River/Stream","MT41U001_012","Belt Creek","Not Supporting","Not Supporting",NA,"Insufficient Information","Not Supporting",31.3829833623135,-110.883879000002,47.5041090000013
"MTWTRSHD_WQX-LBLTC03","Montana","Lower Belt Creek at Ewing Road crossing","River/Stream","MT41U001_012","Belt Creek","Not Supporting","Not Supporting",NA,"Insufficient Information","Not Supporting",35.6432100028902,-110.924893000002,47.4181190000013
"MTWTRSHD_WQX-LBLTC03A","Montana","Lower Belt Creek at Bridge Street crossing in Belt","River/Stream","MT41U001_012","Belt Creek","Not Supporting","Not Supporting",NA,"Insufficient Information","Not Supporting",34.5664745010888,-110.926380000002,47.3870100000013
"MTWTRSHD_WQX-LBLTC04","Montana","Lower Belt Creek at Central Avenue bridge crossing in Armington","River/Stream","MT41U001_012","Belt Creek","Not Supporting","Not Supporting",NA,"Insufficient Information","Not Supporting",19.8163383432854,-110.906250000002,47.3656300000013
"MTWTRSHD_WQX-LTBLTC01","Montana","Little Belt Creek above confluence with Lower Belt Creek","River/Stream","MT41U002_040","Little Belt Creek","Fully Supporting","Not Supporting",NA,"Not Supporting","Fully Supporting",7.83901582148179,-110.906360000002,47.4330900000013
"MTWTRSHD_WQX-NO5CL01","Montana","Number Five Coulee downstream of Griffin Road crossing (NO3CL02)","River/Stream","MT41Q002_030","Number Five Coulee","Not Supporting","Not Supporting",NA,"Not Assessed","Not Assessed",16.7586709772203,-111.199050000002,47.3424100000013
"MTWTRSHD_WQX-NO5CL02","Montana","Number Five Coulee at Griffin Road crossing","River/Stream","MT41Q002_030","Number Five Coulee","Not Supporting","Not Supporting",NA,"Not Assessed","Not Assessed",12.4249732732627,-111.196058000002,47.3213670000013
"MTWTRSHD_WQX-SNDCC01","Montana","Sand Coulee Creek at Missouri River Marine Road crossing","River/Stream","MT41Q002_040","Sand Coulee Creek","Not Supporting","Not Supporting",NA,"Not Assessed","Not Supporting",6.65687410678585,-111.295825000002,47.4493820000012
"MTWTRSHD_WQX-SNDCC02","Montana","Sand Coulee Creek at road crossing upstream from SNDCC01 on Fields Road","River/Stream","MT41Q002_040","Sand Coulee Creek","Not Supporting","Not Supporting",NA,"Not Assessed","Not Supporting",11.9401853232726,-111.233790000002,47.4503800000013
"MTWTRSHD_WQX-SNDCC03","Montana","Sand Coulee Creek at Meyer Ave crossing, 0.5 mile upstream from Brown Road","River/Stream","MT41Q002_040","Sand Coulee Creek","Not Supporting","Not Supporting",NA,"Not Assessed","Not Supporting",13.0082993372236,-111.146974000002,47.3971480000013
"MTWTRSHD_WQX-SNDCC04","Montana","Sand Coulee Creek at Spring Creek Road crossing east of Centerville","River/Stream","MT41Q002_020","Cottonwood Creek","Not Supporting","Not Supporting",NA,"Not Assessed","Not Assessed",229.97990631746,-111.137170000002,47.3883000000013
"MTWTRSHD_WQX-SNDCL01","Montana","Sand Coulee at Stockett Road crossing near Tracy","River/Stream","MT41Q002_060","Sand Coulee","Not Supporting","Not Supporting",NA,"Not Assessed","Not Supporting",17.5336052582061,-111.159063000002,47.4129660000013
"MTWTRSHD_WQX-SNDCL02","Montana","Sand Coulee at East Hunter Road crossing","River/Stream","MT41Q002_060","Sand Coulee","Not Supporting","Not Supporting",NA,"Not Assessed","Not Supporting",3.94553478575821,-111.177538000002,47.3902510000013
"MTWTRSHD_WQX-UBLTC01","Montana","Upper Belt Creek on state land section upstream from Big Otter Creek confluence","River/Stream","MT41U001_011","Belt Creek","Not Supporting","Not Supporting",NA,"Not Assessed","Not Supporting",90.2477474149922,-110.897100000002,47.3454000000013
"MTWTRSHD_WQX-UBLTC02","Montana","Upper Belt Creek at Sluice Box State Park","River/Stream","MT41U001_011","Belt Creek","Not Supporting","Not Supporting",NA,"Not Assessed","Not Supporting",21.5639317447643,-110.934680000002,47.2127600000013
"MTWTRSHD_WQX-UBLTC03","Montana","Upper Belt Creek at Monarch upstream of Dry Fork Belt Creek","River/Stream","MT41U001_011","Belt Creek","Not Supporting","Not Supporting",NA,"Not Assessed","Not Supporting",54.7619668639045,-110.834300000002,47.0942300000013
"MTWTRSHD_WQX-UBLTC04","Montana","Upper Belt Creek at bridge crossing upstream from Aspen campground","River/Stream","MT41U001_011","Belt Creek","Not Supporting","Not Supporting",NA,"Not Assessed","Not Supporting",2.16536109045352,-110.759311000002,46.9730390000013
"MTWTRSHD_WQX-UBLTC05","Montana","Upper Belt Creek just upstream of Carpenter Creek on USFS land","River/Stream","MT41U001_011","Belt Creek","Not Supporting","Not Supporting",NA,"Not Assessed","Not Supporting",32.9562049014182,-110.750950000002,46.9481800000013
"MTWTRSHD_WQX-UBLTC06","Montana","Upper Belt Creek at pullout below confluence at FR267","River/Stream","MT41U001_011","Belt Creek","Not Supporting","Not Supporting",NA,"Not Assessed","Not Supporting",5.67766727696294,-110.690312000002,46.9086700000013
"OST_SHPD-NRSA0809-MT043","Montana","Missouri River","River/Stream","MT41Q001_022","Missouri River","Fully Supporting","Not Supporting",NA,"Fully Supporting","Fully Supporting",28.8091339964311,-111.301280000002,47.4516100000013
"OST_SHPD-NRSA0809-MT058","Montana","Sun River","River/Stream","MT41K001_010","Sun River","Fully Supporting","Not Supporting",NA,"Fully Supporting","Fully Supporting",8.4126678594846,-112.681060000002,47.6166600000012
"OST_SHPD-NRSA1314-MTR9-0912","Montana","Missouri  River","River/Stream","MT41Q001_022","Missouri River","Fully Supporting","Not Supporting",NA,"Fully Supporting","Fully Supporting",28.8091339964311,-111.301280000002,47.4516100000013
"OST_SHPD-NRSA1314-MTR9-0905","Montana","Missouri  River","River/Stream","MT41Q001_022","Missouri River","Fully Supporting","Not Supporting",NA,"Fully Supporting","Fully Supporting",6.50582117731585,-111.498640000002,47.4143500000012
"OST_SHPD-NRSA1314-MTR9-0918","Montana","Sun River","River/Stream","MT41K001_010","Sun River","Fully Supporting","Not Supporting",NA,"Fully Supporting","Fully Supporting",8.4126678594846,-112.681060000002,47.6166600000012
"MDEQ_WQ_WQX-M10SMTHR03","Montana","Smith River 200 feet below Duck Creek Road crossing","River/Stream","MT41J001_010","Smith River","Fully Supporting","Not Supporting",NA,"Not Supporting","Fully Supporting",21.4433225232285,-111.020070000002,46.5544200000013
"MDEQ_WQ_WQX-M10SMRSF03","Montana","Smith River South Fork at Slaughter House Ln crossing, u/s Cooks Creek","River/Stream","MT41J002_011","North Fork Smith River","Fully Supporting","Fully Supporting",NA,"Not Supporting","Not Assessed",421.593942352201,-110.972320000002,46.5240100000013
"MDEQ_WQ_WQX-M12HIWDC40","Montana","Highwood Creek at town of Highwood, MT","River/Stream","MT41U001_012","Belt Creek","Not Supporting","Not Supporting",NA,"Insufficient Information","Not Supporting",6674.09362999392,-110.805500000002,47.5814700000013
"MDEQ_WQ_WQX-M11BELTC15","Montana","Belt Creek","River/Stream","MT41U001_012","Belt Creek","Not Supporting","Not Supporting",NA,"Insufficient Information","Not Supporting",11.0024395882313,-110.879560000002,47.5469000000013
"MDEQ_WQ_WQX-M11BELTC55","Montana","Belt Creek at Riceville","River/Stream","MT41U001_011","Belt Creek","Not Supporting","Not Supporting",NA,"Not Assessed","Not Supporting",8.34678697447241,-110.934270000002,47.2122300000013
"MDEQ_WQ_WQX-M10SMTHR90","Montana","Smith River upstream Newlan Creek confluence","River/Stream","MT41J001_010","Smith River","Fully Supporting","Not Supporting",NA,"Not Supporting","Fully Supporting",7.91092559434756,-111.052290000002,46.5895400000013
"MDEQ_WQ_WQX-M10SHEPC68","Montana","Sheep Creek at Adams Creek Road crossing","River/Stream","MT41J002_030","Sheep Creek","Fully Supporting","Not Supporting",NA,"Not Supporting","Fully Supporting",3.55686500687493,-110.810420000002,46.7677800000013
"MDEQ_WQ_WQX-M10TNDFC02","Montana","Tenderfoot Creek at mouth","River/Stream","MT41J001_010","Smith River","Fully Supporting","Not Supporting",NA,"Not Supporting","Fully Supporting",24.4638618481207,-111.294364000002,46.9417480000013
"MDEQ_WQ_WQX-M10SMTHR62","Montana","Smith River 1 mile downstream Spring Creek confluence","River/Stream","MT41J001_010","Smith River","Fully Supporting","Not Supporting",NA,"Not Supporting","Fully Supporting",21.9384749793045,-111.223205000002,46.8538700000013
"MTWTRSHD_WQX-SPRINGCR-01","Montana","Spring Creek downstream of 12th Lane NW crossing","River/Stream","MT41O002_070","Teton Spring Creek","Not Assessed","Not Supporting",NA,"Not Assessed","Fully Supporting",5.54996049240191,-112.240830000002,47.8648200000012
"MTWTRSHD_WQX-SPRINGCR-04","Montana","Spring Creek about 75 meters downstream from Truchot Road crossing","River/Stream","MT41O002_070","Teton Spring Creek","Not Assessed","Not Supporting",NA,"Not Assessed","Fully Supporting",10.2409956370993,-112.195000000002,47.8341200000012
"MTWTRSHD_WQX-SPRINGCR-05","Montana","Spring Creek directly east of Double Arrow vet clinic","River/Stream","MT41O002_070","Teton Spring Creek","Not Assessed","Not Supporting",NA,"Not Assessed","Fully Supporting",7.70261971566561,-112.192680000002,47.8283500000012
"MTWTRSHD_WQX-SPRINGCR-03","Montana","Spring Creek between Glen Willow Lane and Truchot Road crossings","River/Stream","MT41O002_070","Teton Spring Creek","Not Assessed","Not Supporting",NA,"Not Assessed","Fully Supporting",3.78429129948721,-112.197870000002,47.8418000000012
"MDEQ_WQ_WQX-M10WHTDC01","Montana","Whitetail Deer Creek near mouth","River/Stream","MT41J001_010","Smith River","Fully Supporting","Not Supporting",NA,"Not Supporting","Fully Supporting",113.878378112905,-111.166240000002,46.7516600000013
"MDEQ_WQ_WQX-M10BBCHC01","Montana","Big Birch Creek at mouth","River/Stream","MT41J001_010","Smith River","Fully Supporting","Not Supporting",NA,"Not Supporting","Fully Supporting",103.378969304142,-111.054350000002,46.5883200000013
"MT305B_SECONDARYDATA-CUNIFF","Montana","Cuniff Creek at mouth","River/Stream","MT41Q003_010","Dearborn River","Fully Supporting","Not Supporting",NA,"Not Assessed","Fully Supporting",37.1762669881123,-112.293980000002,47.2450800000012
"MT305B_SECONDARYDATA-DB_HWY434","Montana","Dearborn River at Hwy 434 bridge","River/Stream","MT41Q003_010","Dearborn River","Fully Supporting","Not Supporting",NA,"Not Assessed","Fully Supporting",17.5438364590291,-112.390870000002,47.2810600000012
"MT305B_SECONDARYDATA-DB-HWY200","Montana","Dearborn River at Highway 200","River/Stream","MT41Q003_010","Dearborn River","Fully Supporting","Not Supporting",NA,"Not Assessed","Fully Supporting",1.72332654139459,-112.242320000002,47.2194300000012
"MT305B_SECONDARYDATA-DB-MOUTH","Montana","Dearborn River at mouth","River/Stream","MT41Q003_010","Dearborn River","Fully Supporting","Not Supporting",NA,"Not Assessed","Fully Supporting",16.6443845472596,-111.913360000002,47.1311800000012
"MT305B_SECONDARYDATA-DB-MIDDLEFORK","Montana","Dearborn River Middle Fork 200 yds upstream of mouth","River/Stream","MT41Q003_020","Middle Fork Dearborn River","Fully Supporting","Not Supporting",NA,"Fully Supporting","Fully Supporting",1.35304849864657,-112.244100000002,47.2203800000012
"MT305B_SECONDARYDATA-DB-SOUTHFORK","Montana","Dearborn River South Fork downstream Hwy 434","River/Stream","MT41Q003_030","South Fork Dearborn River","Not Assessed","Not Supporting",NA,"Fully Supporting","Fully Supporting",15.69602029583,-112.218830000002,47.1611900000012
"MT305B_SECONDARYDATA-DB-UPPER","Montana","Dearborn River below Falls Creek","River/Stream","MT41Q003_010","Dearborn River","Fully Supporting","Not Supporting",NA,"Not Assessed","Fully Supporting",25.3551871654123,-112.482610000002,47.2807600000012
"MT305B_SECONDARYDATA-FC-CANYON","Montana","Flat Creek at mouth of canyon","River/Stream","MT41Q003_040","Flat Creek","Not Assessed","Not Supporting",NA,"Fully Supporting","Fully Supporting",1.08775001829412,-112.059170000002,47.2235000000012
"MT305B_SECONDARYDATA-FC-HWY200","Montana","Flat Creek at Highway 200","River/Stream","MT41Q003_040","Flat Creek","Not Assessed","Not Supporting",NA,"Fully Supporting","Fully Supporting",2989.40767068745,-112.121590000002,47.3033800000012
"MT305B_SECONDARYDATA-FC_ROAD","Montana","Flat Creek at Flat Creek Road","River/Stream","MT41Q003_010","Dearborn River","Fully Supporting","Not Supporting",NA,"Not Assessed","Fully Supporting",4395.79168974696,-112.384420000002,47.3295400000012
"NARS_WQX-FW08MT001","Montana","Tributary to Tenderfoot Creek","River/Stream","MT41J002_120","Moose Creek","Fully Supporting","Not Supporting",NA,"Insufficient Information","Fully Supporting",7648.1864754927,-110.869844700002,46.9308896900013
"NARS_WQX-FW08MT014","Montana","Squaw Creek","River/Stream","MT41Q002_070","South Fork Stickney Creek","Fully Supporting","Fully Supporting",NA,"Fully Supporting","Fully Supporting",8773.04844697288,-111.594327200002,47.0817772200012
"NARS_WQX-FW08MT055","Montana","Mule Creek","River/Stream","MT41J002_060","Elk Creek","Fully Supporting","Not Supporting",NA,"Fully Supporting","Fully Supporting",3343.55144981939,-111.265708800002,46.5855868000013
"NARS_WQX-FW08MT071","Montana","Unnamed","River/Stream","MT41J001_010","Smith River","Fully Supporting","Not Supporting",NA,"Not Supporting","Fully Supporting",5633.33410480259,-111.376777300002,47.1153695500013
"NARS_WQX-FW08MT043","Montana","Missouri River above Great Falls","River/Stream","MT41Q001_022","Missouri River","Fully Supporting","Not Supporting",NA,"Fully Supporting","Fully Supporting",28.9828735199713,-111.301282300002,47.4516097800012
"NARS_WQX-FW08MT004","Montana","Highwood Creek","River/Stream","MT41U001_012","Belt Creek","Not Supporting","Not Supporting",NA,"Insufficient Information","Not Supporting",10830.6713615195,-110.716426100002,47.4990079600013
"NARS_WQX-FW08MT031","Montana","Missouri River","River/Stream","MT41Q001_022","Missouri River","Fully Supporting","Not Supporting",NA,"Fully Supporting","Fully Supporting",6.83062845048214,-111.498635500002,47.4143500200012
"NARS_WQX-FW08MT010","Montana","Lone Pine Creek","River/Stream","MT41Q003_010","Dearborn River","Fully Supporting","Not Supporting",NA,"Not Assessed","Fully Supporting",7546.726822892,-112.495901600002,47.2118541200012
"NARS_WQX-FW08MT058","Montana","Sun River","River/Stream","MT41K001_010","Sun River","Fully Supporting","Not Supporting",NA,"Fully Supporting","Fully Supporting",8.29150965032269,-112.681058800002,47.6166609100012
"NARS_WQX-FW08MT090","Montana","Deep Creek","River/Stream","MT41K001_010","Sun River","Fully Supporting","Not Supporting",NA,"Fully Supporting","Fully Supporting",8866.91309224174,-112.491116200002,47.7217167900012
"NARS_WQX-FW08RMT224909","Montana","Trout Creek","River/Stream","MT41J001_010","Smith River","Fully Supporting","Not Supporting",NA,"Not Supporting","Fully Supporting",8683.36770969054,-111.410594400002,46.9880268800013
"NARS_WQX-FW08RMT222052","Montana","Pine Coulee","River/Stream","MT41J001_010","Smith River","Fully Supporting","Not Supporting",NA,"Not Supporting","Fully Supporting",14393.7407546366,-111.485878400002,46.9948227200013
"NARS_WQX-MTS9-0941","Montana","Deep Creek","River/Stream","MT41K001_010","Sun River","Fully Supporting","Not Supporting",NA,"Fully Supporting","Fully Supporting",8867.80226639872,-112.491100000002,47.7217200000012
"NARS_WQX-MTLS-1140","Montana","Willow Creek","River/Stream","MT41O002_010","Willow Creek","Fully Supporting","Not Supporting",NA,"Fully Supporting","Fully Supporting",12.5222239176325,-112.334200000002,47.7465700000012
"NARS_WQX-MTS9-0937","Montana","Clark Creek","River/Stream","MT41J001_010","Smith River","Fully Supporting","Not Supporting",NA,"Not Supporting","Fully Supporting",5634.36387567426,-111.376800000002,47.1153700000013
"NARS_WQX-MTS9-0932","Montana","Mule Creek","River/Stream","MT41J002_060","Elk Creek","Fully Supporting","Not Supporting",NA,"Fully Supporting","Fully Supporting",3343.75016853183,-111.265700000002,46.5855900000013
"NARS_WQX-MTLS-1130","Montana","Newlan Creek","River/Stream","MT41J002_081","Newlan Creek","Fully Supporting","Not Supporting",NA,"Not Supporting","Fully Supporting",2.82205824215141,-111.044400000002,46.5942300000013
"NARS_WQX-MTRO-1070","Montana","Smith River","River/Stream","MT41J001_010","Smith River","Fully Supporting","Not Supporting",NA,"Not Supporting","Fully Supporting",1.09237187694797,-111.076200000002,46.6089900000013
"NARS_WQX-MTR9-0912","Montana","Missouri River","River/Stream","MT41Q001_022","Missouri River","Fully Supporting","Not Supporting",NA,"Fully Supporting","Fully Supporting",30.3162996939053,-111.301300000002,47.4516100000013
"NARS_WQX-MTR9-0905","Montana","Missouri River","River/Stream","MT41Q001_022","Missouri River","Fully Supporting","Not Supporting",NA,"Fully Supporting","Fully Supporting",9.38714231297482,-111.498600000002,47.4143500000013
"NARS_WQX-MTSS-1260","Montana","Shannon Creek","River/Stream","MT41J002_030","Sheep Creek","Fully Supporting","Not Supporting",NA,"Not Supporting","Fully Supporting",4451.34224959667,-111.138300000002,46.8453800000013
"NARS_WQX-MTR9-0918","Montana","Sun River","River/Stream","MT41K001_010","Sun River","Fully Supporting","Not Supporting",NA,"Fully Supporting","Fully Supporting",9.19757016815057,-112.681100000002,47.6166600000012
"NARS_WQX-MTRF-0109","Montana","Big Snowy-Little Belt Carbonate Mountains","River/Stream","MT41J001_010","Smith River","Fully Supporting","Not Supporting",NA,"Not Supporting","Fully Supporting",8.37013467328773,-111.254138800002,46.8623507700013
"NARS_WQX-MTRF-0107","Montana","Rocky Mountain Front Foothill Potholes","River/Stream","MT41Q003_010","Dearborn River","Fully Supporting","Not Supporting",NA,"Not Assessed","Fully Supporting",27.0184646274647,-112.426937500002,47.2904770300012
"NARS_WQX-MTSS-1319","Montana","Ford Coulee","River/Stream","MT41U002_050","Big Otter Creek","Not Assessed","Not Supporting",NA,"Fully Supporting","Not Assessed",3927.89809315843,-110.846000000002,47.2598300000013
"MDEQ_WQ_WQX-M12WHTMR01","Montana","Whitmore Ravine at footpath bridge above mouth","River/Stream","MT41Q001_013","Missouri River","Not Supporting","Not Supporting",NA,"Fully Supporting","Fully Supporting",184.134945424042,-111.184943000002,47.5388930000012
"R8MONTWQ-ELKC-T1","Montana","Elk Creek at mouth","River/Stream","MT41J002_060","Elk Creek","Fully Supporting","Not Supporting",NA,"Fully Supporting","Fully Supporting",11.7504511164698,-111.194800000002,46.6779400000013
"R8MONTWQ-LTCC-T1","Montana","Little Camas Creek at upper Forest Road crossing","River/Stream","MT41J002_100","Little Camas Creek","Fully Supporting","Not Supporting",NA,"Not Supporting","Fully Supporting",1.35719544376884,-111.237640000002,46.5307200000013
"NARS_WQX-NRS_MT-10405","Montana","Shannon Creek","River/Stream","MT41J002_030","Sheep Creek","Fully Supporting","Not Supporting",NA,"Not Supporting","Fully Supporting",4451.89252142213,-111.138268400002,46.8453780400013
"NARS_WQX-NRS_MT-10309","Montana","Mule Creek","River/Stream","MT41J002_060","Elk Creek","Fully Supporting","Not Supporting",NA,"Fully Supporting","Fully Supporting",3343.41495509765,-111.265708500002,46.5855886700013
"MDEQ_WQ_WQX-M13ELKC05","Montana","Elk Creek on the Scherrer property","River/Stream","MT41K001_010","Sun River","Fully Supporting","Not Supporting",NA,"Fully Supporting","Fully Supporting",2806.44291637023,-112.336864000002,47.5113670000012
"MDEQ_WQ_WQX-M13BGCUC60","Montana","Big Coulee d/s Hwy 408 bridge","River/Stream","MT41K001_010","Sun River","Fully Supporting","Not Supporting",NA,"Fully Supporting","Fully Supporting",6822.32988062952,-112.068165000002,47.5790160000012
